campaign_id,campaign_name,start_date,end_date,campaign_type,target_audience,budget,actual_cost,roi
1,Campaign-292eb57d,2019-10-01,2019-10-12,TV,Young Adults,4957.04,3406.46,2.47
2,Campaign-ee681deb,2021-09-19,2021-09-29,Print,Young Adults,1137.76,2480.56,2.17
3,Campaign-44610735,2021-12-11,2022-01-26,Print,Young Adults,10198.07,5992.83,3.27
4,Campaign-e6104fd6,2020-04-29,2020-05-26,TV,Seniors,9988.29,7762.36,0.32
5,Campaign-5933c32f,2019-10-30,2019-11-05,Email,Seniors,8272.64,2029.87,0.79
6,Campaign-5ea6b93a,2022-01-30,2022-04-22,Social Media,Families,6762.91,10662.65,2.17
7,Campaign-dd58ea59,2019-08-17,2019-11-12,Email,Seniors,5271.51,5223.52,0.22
8,Campaign-1470c152,2021-06-25,2021-07-06,Email,Seniors,9605.93,3800.25,4.08
9,Campaign-5a4bd884,2021-11-26,2021-11-28,Email,Young Adults,5739.73,2246.28,0.46
10,Campaign-deb3a3ab,2021-08-21,2021-11-10,Print,Seniors,2978.84,10378.44,3.64
11,Campaign-e7065046,2021-03-24,2021-04-17,TV,Young Adults,10010.33,4733.26,4.28
12,Campaign-ee943b37,2020-01-27,2020-04-19,TV,Families,9074.57,1989.97,4.78
13,Campaign-a0f3b9c8,2018-11-26,2019-01-12,Social Media,Seniors,4613.69,7243.00,3.50
14,Campaign-44aed1a8,2020-06-23,2020-07-22,Print,Young Adults,4064.35,9163.83,2.12
15,Campaign-c8a13549,2020-09-14,2020-11-18,Social Media,Young Adults,4306.85,2693.02,4.62
16,Campaign-05f4a5d7,2021-12-29,2022-02-12,Social Media,Families,4217.70,10018.88,4.51
17,Campaign-51bc66ed,2020-12-07,2020-12-27,TV,Families,2020.46,3506.86,1.19
18,Campaign-cbf5ef1f,2021-10-26,2021-11-03,Social Media,Families,4501.07,9237.76,0.41
19,Campaign-fe2a4cb6,2020-08-25,2020-09-09,Print,Young Adults,8544.03,6806.73,1.75
20,Campaign-a33d550c,2020-02-23,2020-04-21,Social Media,Seniors,9972.13,1469.95,1.96
21,Campaign-dcacabfb,2022-05-14,2022-06-16,Social Media,Seniors,10706.86,9075.57,4.95
22,Campaign-7d550e2a,2020-12-17,2021-02-09,Social Media,Young Adults,8691.58,10356.01,3.81
23,Campaign-65b22aa5,2018-11-05,2018-12-15,Email,Families,6835.57,8892.05,2.19
24,Campaign-44989f84,2020-12-16,2021-02-18,Social Media,Seniors,7564.03,4722.14,4.35
25,Campaign-70344797,2021-02-09,2021-04-21,Social Media,Families,5588.94,2580.57,2.85
26,Campaign-cbdd3fee,2020-08-23,2020-09-19,Print,Families,5882.73,2735.19,2.77
27,Campaign-8982b2a1,2020-10-28,2020-11-01,Email,Seniors,9017.15,1429.48,1.72
28,Campaign-b600f5b2,2020-11-14,2021-01-10,Email,Seniors,6667.87,3701.98,0.09
29,Campaign-86c2db8f,2021-06-06,2021-07-12,Email,Families,7493.93,4182.68,0.43
30,Campaign-d2c48054,2021-02-03,2021-04-12,Email,Families,10691.04,3069.24,2.39
31,Campaign-708fc2df,2019-10-05,2019-12-26,Print,Young Adults,7147.10,10120.49,3.42
32,Campaign-42011f8f,2020-05-11,2020-05-20,Print,Families,2894.91,1812.21,0.28
33,Campaign-6906d87d,2019-03-14,2019-05-07,TV,Seniors,10886.81,1923.38,3.05
34,Campaign-e6cdf8c7,2021-12-13,2022-01-13,Email,Young Adults,4266.94,2891.66,0.76
35,Campaign-72d9ed0f,2022-08-06,2022-10-25,Social Media,Young Adults,9068.90,5566.76,0.99
36,Campaign-09f02363,2020-05-30,2020-06-27,Print,Young Adults,1391.95,8739.23,1.21
37,Campaign-719b55bb,2021-03-17,2021-04-12,Print,Families,9015.86,3226.42,3.84
38,Campaign-02a23a89,2019-12-07,2020-01-27,Email,Young Adults,9085.57,10405.04,1.56
39,Campaign-7ba9458a,2020-08-16,2020-08-28,TV,Young Adults,6052.49,4804.79,3.09
40,Campaign-2aa4e821,2020-11-08,2020-12-22,Social Media,Families,7784.80,7992.80,4.76
41,Campaign-71f1523a,2019-01-14,2019-03-30,Print,Young Adults,1611.26,1864.18,3.66
42,Campaign-267616bd,2019-12-31,2020-01-16,Print,Seniors,10088.76,6271.41,3.94
43,Campaign-3cdb6aff,2019-05-13,2019-05-19,Print,Young Adults,5896.20,5989.19,3.82
44,Campaign-f7fe9dfd,2019-12-14,2020-03-08,TV,Young Adults,5175.02,3272.42,3.55
45,Campaign-2f343ec4,2020-11-12,2020-11-19,Email,Families,4823.19,10769.55,3.84
46,Campaign-1ee46282,2021-07-26,2021-09-28,Print,Families,1967.81,4411.67,4.19
47,Campaign-79171b86,2018-09-24,2018-12-13,Email,Young Adults,8891.43,9651.63,2.87
48,Campaign-77d640ed,2020-11-21,2021-01-19,Email,Young Adults,3466.23,3953.06,4.70
49,Campaign-76ff8e81,2018-09-08,2018-12-03,TV,Families,5480.09,4707.29,4.88
50,Campaign-274a56c9,2020-02-14,2020-03-20,Print,Young Adults,2253.10,7614.12,1.72
51,Campaign-5982bdfe,2020-06-11,2020-08-07,Print,Young Adults,8942.97,5442.02,1.47
52,Campaign-97cedf34,2020-06-13,2020-08-16,Social Media,Young Adults,6822.71,2828.74,2.10
53,Campaign-e7ec574c,2021-09-14,2021-11-18,Social Media,Young Adults,10691.35,8310.34,3.14
54,Campaign-e3633b0b,2021-10-05,2022-01-01,Social Media,Families,9149.35,4331.45,3.44
55,Campaign-79eb09a4,2021-09-30,2021-11-25,Social Media,Families,5733.13,7898.03,2.41
56,Campaign-3114ce01,2019-03-14,2019-05-28,TV,Young Adults,2686.97,6162.58,0.22
57,Campaign-014e5879,2020-04-19,2020-04-22,TV,Young Adults,2265.56,9922.86,3.44
58,Campaign-ecab62e3,2022-07-28,2022-10-14,Social Media,Seniors,3111.33,1954.56,4.42
59,Campaign-f1e9238c,2019-11-18,2020-01-06,Email,Families,10906.56,4532.67,1.45
60,Campaign-8a64ed80,2022-04-10,2022-05-28,Print,Families,1655.68,9632.34,1.40
61,Campaign-1873bc3a,2019-09-09,2019-09-27,Email,Seniors,4510.37,1747.31,4.35
62,Campaign-ad566622,2021-06-22,2021-07-17,Print,Young Adults,1092.21,9051.90,3.87
63,Campaign-c4b43e73,2020-09-10,2020-09-14,Email,Seniors,6970.24,7598.77,0.58
64,Campaign-fdb8e09b,2022-06-08,2022-08-27,Print,Families,3099.22,10680.48,1.11
65,Campaign-9ef7f59d,2019-09-10,2019-10-06,TV,Seniors,10977.96,2416.07,0.76
66,Campaign-bf63789f,2021-05-12,2021-06-22,Print,Young Adults,8413.33,2491.13,2.33
67,Campaign-db8ec2d1,2020-04-14,2020-04-30,Social Media,Families,6306.79,8075.95,2.83
68,Campaign-34b6dc4c,2019-02-07,2019-02-17,TV,Young Adults,3722.66,9296.90,2.45
69,Campaign-a34a34eb,2022-01-12,2022-04-03,Social Media,Young Adults,3027.35,10650.25,1.97
70,Campaign-dfde6399,2021-11-04,2021-11-08,Print,Seniors,6703.38,2850.20,2.66
71,Campaign-260a63d7,2018-09-16,2018-09-22,Email,Young Adults,10487.11,3273.31,3.44
72,Campaign-8a643f90,2020-11-26,2020-12-14,Social Media,Families,3341.25,10102.70,4.42
73,Campaign-4e4fffd5,2020-10-01,2020-12-05,Social Media,Seniors,4708.99,7153.63,0.32
74,Campaign-180001fe,2022-01-09,2022-02-03,TV,Families,2806.98,9608.34,3.85
75,Campaign-112e639d,2021-01-20,2021-03-22,Print,Young Adults,4464.15,9672.82,2.94
76,Campaign-c4ec00bb,2021-12-09,2022-02-20,TV,Seniors,7894.33,5420.47,3.23
77,Campaign-1d1c2eac,2021-10-11,2021-12-24,Email,Seniors,10165.95,10152.33,0.66
78,Campaign-62f55510,2020-05-28,2020-07-08,TV,Seniors,5539.03,2285.87,4.78
79,Campaign-3ee28597,2022-08-09,2022-08-28,TV,Seniors,5437.69,4665.14,0.89
160,Campaign-99ef6db4,2022-07-11,2022-08-27,Print,Young Adults,2362.14,4048.34,4.78
80,Campaign-32df1109,2022-01-01,2022-03-21,Social Media,Families,6974.02,10206.47,1.54
81,Campaign-9dd7e8bb,2022-03-23,2022-05-11,Social Media,Families,6665.23,5216.04,3.08
82,Campaign-ccf53108,2019-09-30,2019-12-21,TV,Young Adults,5742.72,1730.04,0.36
83,Campaign-c41317eb,2021-02-14,2021-03-31,TV,Families,1615.38,10461.39,3.48
84,Campaign-518988d4,2021-05-17,2021-07-19,TV,Young Adults,2042.53,5648.82,1.37
85,Campaign-9aaa9894,2021-08-16,2021-10-21,Email,Seniors,4683.24,3863.43,1.35
86,Campaign-d7b3b732,2021-10-29,2021-12-26,TV,Families,3960.81,2130.70,2.35
87,Campaign-6f0e4093,2021-03-14,2021-06-08,Social Media,Families,9771.51,8103.36,2.00
88,Campaign-51037045,2020-08-28,2020-09-03,Print,Young Adults,4926.60,2976.45,3.17
89,Campaign-2e696e9d,2019-07-12,2019-10-01,Print,Seniors,3673.92,5587.01,4.23
90,Campaign-03e26bf7,2021-08-07,2021-10-17,Email,Young Adults,9580.37,6790.00,4.62
91,Campaign-abc6c7b9,2021-02-18,2021-04-11,TV,Seniors,5284.36,1711.82,1.25
92,Campaign-77a37c28,2022-04-05,2022-04-15,TV,Seniors,5605.66,10751.10,4.16
93,Campaign-e27eff16,2020-09-07,2020-10-03,TV,Families,10685.28,7153.18,4.21
94,Campaign-f0b5d14a,2022-02-01,2022-03-05,Print,Young Adults,4208.78,10305.60,1.24
95,Campaign-f4f9bf1d,2020-06-25,2020-07-13,Email,Families,5767.38,10021.63,4.04
96,Campaign-b3778edc,2022-02-10,2022-04-20,TV,Seniors,3824.62,2868.57,4.35
97,Campaign-e5d9ef1b,2021-08-05,2021-10-08,Email,Seniors,1871.57,3517.08,1.79
98,Campaign-76cb9e53,2020-07-11,2020-10-07,Email,Seniors,5664.69,4431.91,1.90
99,Campaign-a82b7a64,2021-01-13,2021-01-16,TV,Young Adults,9516.67,4428.68,3.83
100,Campaign-50c42dd1,2020-09-09,2020-11-11,Email,Young Adults,4987.54,7869.74,4.66
101,Campaign-d4c0347f,2019-11-29,2019-12-30,TV,Young Adults,4276.02,9783.72,4.90
102,Campaign-18d82673,2021-03-05,2021-04-08,Social Media,Young Adults,3095.46,2978.55,0.12
103,Campaign-7f831156,2020-05-11,2020-05-24,Social Media,Families,4266.28,10354.20,4.67
104,Campaign-2994066d,2021-11-09,2022-01-12,TV,Young Adults,3948.33,1630.20,0.25
105,Campaign-ca7a925b,2020-06-04,2020-07-14,TV,Families,9728.27,3218.69,3.08
106,Campaign-1eda398d,2020-12-13,2021-03-10,Print,Families,6788.82,1142.79,0.53
107,Campaign-a99e6e03,2019-03-23,2019-05-31,Email,Families,4720.59,4637.71,0.50
108,Campaign-81b7279c,2019-10-25,2020-01-12,Print,Families,10173.37,2795.81,4.79
109,Campaign-6c8633f9,2018-12-04,2019-01-10,Print,Seniors,8338.90,6691.21,0.15
110,Campaign-8621fdf6,2019-10-14,2020-01-07,Print,Seniors,3766.79,10226.50,2.89
111,Campaign-eaeed6eb,2021-05-17,2021-08-15,TV,Seniors,6890.47,5085.64,4.33
112,Campaign-157ceaae,2020-11-28,2020-12-22,Social Media,Families,10627.82,10011.64,1.53
113,Campaign-48782c0c,2021-03-08,2021-04-20,TV,Young Adults,8529.25,4947.96,4.10
114,Campaign-1729ddde,2018-12-14,2018-12-21,Social Media,Families,3628.63,3118.96,0.90
115,Campaign-4f80ed15,2019-12-28,2020-03-24,Print,Families,4139.09,8537.44,2.47
116,Campaign-370e6133,2021-04-18,2021-05-24,Print,Families,4529.67,8482.36,1.26
117,Campaign-631a0591,2020-03-11,2020-05-02,TV,Families,1918.34,3441.06,1.38
118,Campaign-46fcb6dd,2020-01-10,2020-01-17,Print,Young Adults,3762.59,6259.44,1.01
119,Campaign-cbc8207a,2020-08-29,2020-11-09,TV,Families,10355.71,7698.26,0.26
120,Campaign-be81dec8,2022-01-02,2022-01-18,TV,Families,4974.30,8495.47,2.48
121,Campaign-04174463,2019-04-04,2019-06-24,Email,Seniors,3814.55,1116.26,1.61
122,Campaign-862b04fa,2019-02-05,2019-03-17,Social Media,Young Adults,1036.35,8866.64,2.32
123,Campaign-989adfc2,2022-05-27,2022-06-10,Email,Seniors,6115.94,9186.98,0.34
124,Campaign-0eaf5381,2019-06-24,2019-07-18,Print,Families,2328.43,5418.97,3.05
125,Campaign-d3664288,2019-11-12,2020-02-10,Social Media,Seniors,8940.50,3229.59,2.83
126,Campaign-e1b0894d,2022-07-26,2022-09-20,Email,Young Adults,2722.45,7806.43,2.27
127,Campaign-ed7be657,2020-07-23,2020-08-28,Social Media,Young Adults,8616.64,8564.46,2.32
128,Campaign-ed71cc3d,2022-03-13,2022-04-15,Print,Families,9522.54,9160.65,4.78
129,Campaign-a58f0aa5,2019-08-18,2019-10-22,Social Media,Seniors,6505.34,8748.90,4.10
130,Campaign-0b09c624,2021-05-31,2021-08-04,Social Media,Young Adults,2526.52,7611.95,3.56
131,Campaign-4a85e351,2022-04-24,2022-04-29,TV,Families,6467.13,7675.13,3.48
132,Campaign-be2c3a18,2019-12-08,2019-12-19,Social Media,Seniors,5027.52,2990.98,2.63
133,Campaign-1b6aa950,2021-12-28,2022-02-11,TV,Young Adults,2315.19,1511.41,2.65
134,Campaign-72e77b68,2019-06-02,2019-07-28,TV,Young Adults,7824.48,5178.60,1.46
135,Campaign-92a32c82,2019-02-16,2019-04-27,Social Media,Young Adults,1957.15,8080.79,3.86
136,Campaign-ac5b19b7,2021-02-09,2021-02-26,TV,Families,10528.95,5863.71,2.69
137,Campaign-88c38f52,2019-05-31,2019-06-15,TV,Seniors,5157.73,4156.27,0.64
138,Campaign-55f95803,2020-12-13,2021-02-19,Email,Seniors,4200.93,2072.07,2.57
139,Campaign-b7286a33,2021-01-07,2021-02-06,Social Media,Young Adults,9450.54,4009.79,1.61
140,Campaign-c1ea4421,2021-06-02,2021-07-24,Email,Young Adults,8023.76,8302.84,4.77
141,Campaign-38e9e268,2021-07-31,2021-09-15,Print,Families,4968.68,6882.53,2.98
142,Campaign-b884436c,2020-12-13,2021-01-09,Email,Families,3285.24,3179.57,2.06
143,Campaign-a53e2284,2020-08-04,2020-09-20,Email,Families,5230.57,10084.74,2.18
144,Campaign-1b0fc90e,2020-10-24,2020-11-08,TV,Families,1901.51,2239.76,3.22
145,Campaign-9da1c161,2019-12-29,2020-03-04,TV,Families,6600.74,6231.94,3.42
146,Campaign-a4b04fbf,2018-10-22,2018-12-06,Print,Families,2554.25,10611.15,1.66
147,Campaign-78ee9891,2020-09-12,2020-10-30,Print,Families,1313.24,5163.31,4.05
148,Campaign-89e2d63e,2020-11-28,2021-01-28,TV,Seniors,1138.71,8814.99,2.83
149,Campaign-c40d5513,2022-03-08,2022-05-01,Social Media,Young Adults,10710.52,4698.57,0.61
150,Campaign-1d7a43ce,2021-05-26,2021-07-26,Social Media,Families,10761.13,5364.35,1.29
151,Campaign-e9cfffb8,2022-07-28,2022-08-23,Print,Young Adults,7204.51,8424.37,2.54
152,Campaign-5c3e3347,2021-01-02,2021-01-19,TV,Families,5465.85,4483.81,2.34
153,Campaign-6e41800f,2020-05-26,2020-05-30,Print,Families,5582.39,7782.85,3.58
154,Campaign-f5dd4d30,2021-03-19,2021-06-07,Print,Seniors,9973.74,5763.15,1.99
155,Campaign-cb7b6067,2019-03-05,2019-03-25,Print,Families,5325.02,8111.88,2.54
156,Campaign-b0b03395,2022-02-26,2022-05-07,Print,Seniors,3320.44,9019.51,3.76
157,Campaign-e2a30439,2018-11-19,2019-01-08,Social Media,Families,6474.14,7889.45,4.98
158,Campaign-d8c264b1,2020-08-19,2020-11-13,Social Media,Young Adults,8571.05,6345.75,1.27
159,Campaign-a07e77e4,2018-09-06,2018-10-19,Social Media,Families,8239.33,5683.49,2.05
161,Campaign-b68325b2,2020-12-08,2021-02-27,TV,Young Adults,4159.18,5392.12,0.96
162,Campaign-00b1ad87,2021-04-11,2021-06-05,Email,Young Adults,4534.13,5224.27,0.46
163,Campaign-a4f5381f,2020-06-05,2020-08-27,TV,Families,5215.09,10860.10,1.58
164,Campaign-fd0fa3a7,2021-10-31,2021-11-13,Social Media,Young Adults,4315.32,4159.65,0.18
165,Campaign-b2aebda2,2021-10-06,2021-11-02,Print,Young Adults,7999.28,2964.60,1.97
166,Campaign-a8a20ff8,2020-02-27,2020-05-11,Print,Seniors,5108.48,1739.30,4.40
167,Campaign-a7e17e1e,2021-02-06,2021-03-28,Print,Young Adults,9727.03,6365.82,1.23
168,Campaign-2b68efda,2021-08-12,2021-09-11,Print,Seniors,3188.86,9672.91,3.15
169,Campaign-234cbd06,2020-11-04,2020-11-14,Email,Families,2955.63,6545.64,2.51
170,Campaign-8490eb9f,2019-01-02,2019-01-05,Email,Seniors,1836.00,2615.91,2.19
171,Campaign-75f72c5c,2021-08-20,2021-11-06,Print,Families,4510.33,1120.79,2.59
172,Campaign-723af7e8,2021-05-18,2021-06-04,Print,Young Adults,9492.39,4944.22,4.74
173,Campaign-740b8302,2019-12-02,2020-01-04,Social Media,Families,10441.63,2349.35,2.53
174,Campaign-0c0b9c5d,2022-06-03,2022-07-19,Email,Seniors,3953.69,8435.68,0.17
175,Campaign-7a5b9c26,2018-10-30,2018-12-10,Print,Young Adults,3832.66,1236.79,4.91
176,Campaign-dc0f2e89,2020-01-23,2020-02-13,Print,Seniors,1956.81,8834.65,0.89
177,Campaign-a2ac808f,2022-06-06,2022-07-16,Print,Young Adults,5367.85,9951.70,1.43
178,Campaign-29a6befd,2022-05-07,2022-06-12,TV,Seniors,4522.71,6061.74,3.56
179,Campaign-b6bded90,2022-01-18,2022-03-23,Social Media,Families,4806.97,1405.68,3.04
180,Campaign-adda317e,2020-07-10,2020-09-28,Email,Families,9921.88,8760.74,2.73
181,Campaign-51a0e7e6,2021-12-18,2022-02-27,Email,Young Adults,10287.55,3894.06,0.49
182,Campaign-4445d68e,2019-04-08,2019-06-15,Social Media,Seniors,3276.83,8648.69,0.95
183,Campaign-419042d2,2022-06-19,2022-08-23,Email,Young Adults,5761.51,4899.88,3.95
184,Campaign-2c6fcf0e,2020-10-08,2020-11-17,Email,Young Adults,6195.99,1752.47,3.02
185,Campaign-6c383e62,2022-04-13,2022-05-03,Print,Families,7818.69,7209.77,3.33
186,Campaign-dc4f2a17,2022-03-28,2022-06-07,Print,Families,7061.52,9640.69,4.84
187,Campaign-4606abc7,2020-02-09,2020-02-17,Social Media,Young Adults,3762.67,4025.91,4.95
188,Campaign-628af867,2021-07-22,2021-08-20,Print,Families,6090.53,4450.58,2.12
189,Campaign-1bb27e40,2019-07-29,2019-08-22,Email,Families,6519.78,3291.43,0.09
190,Campaign-856a8b48,2021-11-27,2021-12-17,Print,Young Adults,2085.54,8179.06,3.62
191,Campaign-3536c76e,2018-12-08,2018-12-29,TV,Young Adults,4539.85,3085.88,1.95
192,Campaign-275ea577,2020-06-16,2020-07-22,Email,Families,3249.49,9466.02,1.70
193,Campaign-2942df99,2019-12-09,2020-02-29,TV,Young Adults,1876.45,7720.86,1.63
194,Campaign-ce194650,2019-06-12,2019-07-16,Print,Seniors,7422.46,5332.52,4.09
195,Campaign-3f1f16c9,2019-01-26,2019-02-01,Email,Families,6779.67,1304.81,4.87
196,Campaign-3bda1d22,2022-04-16,2022-07-04,TV,Young Adults,10329.48,8754.24,0.02
197,Campaign-fa237cd7,2020-05-09,2020-07-20,Print,Seniors,8526.28,1305.87,3.91
198,Campaign-899eb9f8,2022-02-20,2022-04-18,Print,Seniors,2585.93,8021.67,1.96
199,Campaign-408184e0,2021-08-14,2021-10-29,Email,Young Adults,7820.98,5426.49,4.44
200,Campaign-fc6e33ab,2020-09-01,2020-09-08,Email,Families,8005.43,9837.03,3.86
201,Campaign-2950ac76,2019-12-17,2020-01-18,Print,Seniors,1692.93,7538.14,2.99
202,Campaign-c861a3c7,2019-11-07,2020-01-11,Print,Seniors,1024.70,1495.85,1.69
203,Campaign-df5219e0,2018-10-21,2018-11-03,Email,Families,3340.24,2542.47,1.11
204,Campaign-3266a93d,2022-06-07,2022-09-03,Print,Young Adults,7481.21,3891.15,3.93
205,Campaign-877ab917,2019-10-28,2019-11-19,Print,Seniors,9597.04,9706.87,1.94
206,Campaign-be10ab5b,2019-01-03,2019-03-01,Email,Young Adults,7377.10,4751.62,2.94
207,Campaign-808ab0f9,2020-04-26,2020-06-05,Email,Seniors,4243.00,8244.91,3.94
208,Campaign-386c575c,2019-12-27,2020-02-13,TV,Seniors,2663.94,6795.46,2.35
209,Campaign-c8418a26,2019-12-13,2020-01-03,Social Media,Young Adults,7251.04,9214.33,0.63
210,Campaign-6fc29358,2019-04-08,2019-05-05,Print,Families,10852.43,1265.87,3.74
211,Campaign-186e4a78,2021-04-01,2021-04-06,Email,Seniors,1363.51,1693.42,0.06
212,Campaign-9614cdc2,2021-12-07,2021-12-25,Social Media,Seniors,10148.66,2643.78,2.83
213,Campaign-0c600778,2022-04-02,2022-04-26,Print,Young Adults,5959.32,5078.75,0.68
214,Campaign-7d5c1e73,2019-01-05,2019-01-16,TV,Young Adults,2833.97,3863.12,4.07
215,Campaign-c08a61d6,2020-11-11,2020-11-19,TV,Families,1976.00,10796.94,0.18
216,Campaign-ce3339da,2020-04-18,2020-06-17,Print,Families,1919.78,2287.29,2.44
217,Campaign-a802ae85,2020-04-12,2020-04-22,Social Media,Young Adults,3899.28,8150.72,0.31
218,Campaign-79948731,2019-05-28,2019-06-24,Print,Young Adults,10506.58,10898.65,2.06
219,Campaign-7c968127,2021-08-16,2021-10-21,Social Media,Families,7777.18,9761.34,2.32
220,Campaign-8314f8b7,2018-11-07,2018-11-20,TV,Families,2660.22,2413.65,3.11
221,Campaign-ce072ac9,2019-03-11,2019-03-22,Social Media,Families,8521.79,3963.35,0.20
222,Campaign-63480174,2021-08-07,2021-10-20,Email,Seniors,4177.32,4936.80,3.05
223,Campaign-56c5e905,2022-05-04,2022-05-23,Email,Families,6129.25,5717.40,4.28
224,Campaign-11c1c6c9,2022-08-20,2022-09-02,Print,Young Adults,10044.13,7703.57,4.88
225,Campaign-ef9a4094,2020-08-12,2020-08-17,Print,Seniors,9703.49,9625.09,1.37
226,Campaign-5adf174d,2021-04-19,2021-07-07,Print,Seniors,2909.49,8458.22,0.08
227,Campaign-576f5245,2020-06-30,2020-09-16,TV,Families,8576.08,2332.70,0.83
228,Campaign-b485156f,2020-01-30,2020-04-19,Print,Families,4393.79,1041.79,4.20
229,Campaign-ba3de46a,2019-11-26,2019-12-06,TV,Young Adults,8402.23,8484.14,4.89
230,Campaign-00fce140,2020-02-29,2020-04-10,Social Media,Seniors,8227.63,9816.94,2.07
231,Campaign-f6fda90a,2021-05-28,2021-08-20,Email,Young Adults,9218.95,9908.92,2.28
232,Campaign-bb41f985,2022-06-03,2022-07-12,TV,Seniors,10191.28,6292.09,1.14
233,Campaign-a2b0ab14,2021-04-21,2021-07-01,Social Media,Young Adults,6327.37,10775.64,2.26
234,Campaign-d0839d84,2022-06-10,2022-07-21,Email,Families,8967.79,5045.62,4.94
235,Campaign-de278c9d,2021-02-22,2021-05-09,Print,Seniors,5840.10,2935.92,0.58
236,Campaign-baf12100,2020-07-19,2020-09-25,TV,Young Adults,10925.31,5449.50,1.55
237,Campaign-8d267e42,2022-07-05,2022-08-19,TV,Families,8822.65,10700.92,1.58
238,Campaign-c3b9f31a,2021-07-27,2021-09-26,Social Media,Seniors,3789.89,3904.17,3.46
239,Campaign-c1faf274,2019-10-12,2019-12-17,Print,Seniors,7737.72,5351.28,2.47
240,Campaign-3aea430b,2021-09-12,2021-09-23,TV,Seniors,3005.99,9646.94,0.35
241,Campaign-008f122c,2019-09-21,2019-12-08,Print,Seniors,8619.42,3583.52,0.29
242,Campaign-734150e1,2021-05-13,2021-06-12,Social Media,Families,7205.54,4629.76,0.37
243,Campaign-b2e48e8d,2019-10-15,2019-11-08,TV,Young Adults,7782.16,9445.44,4.03
244,Campaign-534195ab,2018-11-29,2019-02-15,Email,Young Adults,7030.21,5129.64,1.66
245,Campaign-684602a2,2020-01-20,2020-01-31,TV,Families,1202.97,10782.59,3.28
246,Campaign-9eed2228,2021-12-08,2022-02-27,Social Media,Young Adults,6280.28,3661.01,4.54
247,Campaign-a4aeaca6,2019-12-10,2020-01-10,Email,Seniors,10652.29,7233.15,0.66
248,Campaign-9f47368b,2019-08-05,2019-10-03,Social Media,Families,3543.70,8934.21,0.58
249,Campaign-ea8603a5,2022-07-11,2022-08-06,TV,Families,4601.90,10760.56,3.13
250,Campaign-941cfe42,2018-11-17,2018-11-27,TV,Seniors,1767.36,1273.57,3.30
251,Campaign-bc4f95e4,2022-01-19,2022-03-13,Email,Young Adults,8776.52,8195.28,4.87
252,Campaign-022f36fa,2022-02-04,2022-03-01,Email,Families,6489.21,1655.15,1.76
253,Campaign-e7e5378b,2021-05-20,2021-07-02,Social Media,Families,10221.57,3932.52,0.12
254,Campaign-d86efba2,2020-06-07,2020-08-12,Social Media,Families,4930.10,6498.56,4.97
255,Campaign-3ea33e9a,2020-12-11,2020-12-16,Email,Families,7356.47,8681.07,2.79
256,Campaign-aa6666b0,2021-01-03,2021-02-10,TV,Families,10708.64,6716.20,2.25
257,Campaign-15eec516,2018-11-21,2018-12-13,Email,Seniors,1179.79,10065.81,0.99
258,Campaign-b1a31ba8,2022-08-13,2022-10-30,Email,Young Adults,8786.53,9678.27,4.40
259,Campaign-f9b722f7,2019-09-10,2019-10-19,Print,Families,10493.10,1042.08,2.33
260,Campaign-30e5142e,2021-02-13,2021-04-24,TV,Families,2742.37,3726.63,1.85
261,Campaign-4ef664eb,2019-07-24,2019-09-23,TV,Young Adults,6096.37,5454.55,3.23
262,Campaign-359ba02e,2020-05-14,2020-05-31,TV,Seniors,1307.58,6218.95,0.20
263,Campaign-4a661885,2021-06-20,2021-07-28,TV,Young Adults,10670.67,5321.88,3.52
264,Campaign-2d28043a,2020-02-07,2020-03-10,Social Media,Seniors,8285.62,3059.74,4.18
265,Campaign-487081e8,2018-12-20,2019-01-05,Email,Families,8313.41,9004.90,1.01
266,Campaign-7f93ee96,2020-04-05,2020-06-22,Social Media,Seniors,4747.73,9757.22,3.12
267,Campaign-bf557440,2020-11-26,2020-12-19,Email,Families,4556.13,3356.37,0.42
268,Campaign-68758ef0,2022-08-07,2022-08-25,Print,Families,7689.36,9975.77,4.26
269,Campaign-7bedff30,2019-05-26,2019-08-24,Social Media,Families,3646.73,4847.73,2.45
270,Campaign-5b3afc3c,2021-10-22,2021-12-03,Email,Seniors,4276.89,9359.17,4.45
271,Campaign-df276714,2018-10-07,2018-12-27,Print,Families,10579.21,8022.32,1.52
272,Campaign-9a524d43,2020-01-17,2020-04-15,TV,Families,4392.36,7190.72,4.97
273,Campaign-3b14b466,2021-06-10,2021-08-21,Social Media,Families,7772.56,10974.98,2.58
274,Campaign-1613e421,2019-04-14,2019-04-17,TV,Young Adults,3508.29,8658.49,3.19
275,Campaign-b55f665b,2019-06-14,2019-07-28,Email,Seniors,10500.94,10702.12,2.59
276,Campaign-663dbba6,2020-06-10,2020-07-13,TV,Families,5720.02,3749.18,1.45
277,Campaign-eead3830,2018-10-18,2019-01-07,Social Media,Families,1953.96,7443.79,0.78
278,Campaign-2de24f73,2020-10-24,2020-12-30,TV,Families,1227.85,6258.77,4.62
279,Campaign-9eba1892,2021-07-21,2021-09-30,TV,Families,2658.02,3855.66,3.44
280,Campaign-ebe4b886,2020-10-17,2020-12-02,TV,Families,9454.89,5168.55,1.35
281,Campaign-d8fe5e33,2021-03-07,2021-05-30,TV,Young Adults,8133.92,3526.00,4.32
282,Campaign-41ee2882,2021-12-16,2022-01-28,Social Media,Young Adults,3240.43,7802.81,2.99
283,Campaign-f71ae859,2021-08-14,2021-11-03,Social Media,Seniors,9555.43,6641.04,0.60
284,Campaign-0acc0c9b,2022-01-20,2022-03-26,Social Media,Families,1582.57,10945.19,1.54
285,Campaign-b4292355,2022-01-12,2022-03-03,Print,Young Adults,9537.39,1848.16,0.45
286,Campaign-be278cad,2019-01-09,2019-04-05,Social Media,Families,4982.61,9611.46,1.47
287,Campaign-4dd18bd6,2019-07-11,2019-09-26,Email,Young Adults,9833.83,8781.32,4.00
288,Campaign-f1a8db97,2018-10-17,2019-01-15,Print,Young Adults,10558.36,2301.59,2.26
289,Campaign-d6797b6c,2019-02-10,2019-04-20,Social Media,Young Adults,4467.25,3879.59,3.62
290,Campaign-2cf01822,2021-11-03,2021-12-01,Social Media,Young Adults,3305.66,5525.87,0.02
291,Campaign-24fb83bd,2019-03-16,2019-04-17,Social Media,Families,4379.97,2796.40,4.37
292,Campaign-c593f40c,2020-01-16,2020-02-22,Social Media,Seniors,9081.66,2564.70,1.87
293,Campaign-faf762b8,2020-07-24,2020-07-26,TV,Seniors,8676.82,7911.16,3.17
294,Campaign-03e9efb9,2022-05-13,2022-08-03,Print,Families,7029.74,5923.91,2.81
295,Campaign-a5eae414,2018-09-14,2018-09-17,Print,Young Adults,4514.88,3240.70,4.81
296,Campaign-5e332157,2020-07-15,2020-08-11,TV,Young Adults,6761.60,9175.89,2.64
297,Campaign-bd81a69b,2020-10-01,2020-10-06,Print,Young Adults,8360.28,1933.26,3.14
298,Campaign-f1f1eb33,2021-03-09,2021-03-21,Social Media,Seniors,5785.58,5911.06,1.80
299,Campaign-cfc1b7e5,2021-12-12,2022-01-18,Email,Seniors,2040.41,9793.08,4.86
300,Campaign-617b6182,2022-09-03,2022-10-19,Print,Young Adults,10146.57,10938.67,0.88
301,Campaign-55646903,2022-08-28,2022-11-20,TV,Families,2011.69,10625.48,2.52
302,Campaign-f76cbefb,2020-11-08,2020-11-28,Social Media,Young Adults,2593.76,10437.26,1.74
303,Campaign-743fa9f8,2020-01-21,2020-02-29,Email,Young Adults,1753.69,5879.54,0.69
304,Campaign-c5a593b4,2020-06-02,2020-06-25,Social Media,Seniors,6272.31,5418.53,0.60
305,Campaign-6ec3ff3a,2021-02-09,2021-04-23,Email,Families,7365.47,5707.83,0.33
306,Campaign-c71bb48d,2021-05-04,2021-06-24,Print,Families,10074.55,3040.55,2.32
307,Campaign-457be356,2021-06-28,2021-08-01,Social Media,Young Adults,6945.43,6521.53,0.97
308,Campaign-21d5ba97,2020-07-14,2020-08-27,Email,Young Adults,3455.98,8314.94,2.47
309,Campaign-93f731da,2020-06-13,2020-09-05,Email,Young Adults,7508.86,4478.88,2.88
310,Campaign-654b602c,2019-10-10,2019-11-15,Social Media,Families,8311.80,10276.62,0.46
311,Campaign-3f00478a,2022-05-27,2022-06-16,Email,Young Adults,2203.23,10700.34,1.39
312,Campaign-ecd46a80,2021-11-18,2021-12-28,TV,Seniors,9058.85,3577.98,4.65
313,Campaign-81776165,2022-07-13,2022-08-19,Print,Seniors,3500.37,1048.78,2.63
314,Campaign-bb2a5b21,2021-02-25,2021-03-02,TV,Families,3731.96,2104.75,2.27
315,Campaign-f1266fc2,2019-10-29,2019-11-14,Social Media,Young Adults,8627.63,2582.90,3.57
316,Campaign-920329fa,2021-07-10,2021-08-17,Email,Seniors,7366.60,2252.05,0.10
317,Campaign-3dd2f43a,2021-04-24,2021-07-09,Social Media,Families,10909.58,6367.35,1.70
318,Campaign-f2310796,2020-03-13,2020-06-07,TV,Young Adults,7341.82,3257.03,0.29
319,Campaign-104e6299,2021-05-31,2021-07-04,TV,Young Adults,5170.06,1557.23,2.69
320,Campaign-f56b0689,2022-05-20,2022-06-18,Print,Seniors,10214.38,3906.57,0.31
321,Campaign-9043e0bb,2021-04-22,2021-06-04,Email,Families,2316.87,3584.11,1.11
322,Campaign-ac2c57ad,2019-08-02,2019-09-08,Email,Families,3718.39,7907.39,2.77
323,Campaign-5e502205,2021-11-13,2021-12-03,Email,Young Adults,3290.21,2377.68,4.05
324,Campaign-f291c3c0,2021-04-29,2021-07-18,Social Media,Seniors,5169.15,2851.48,0.39
325,Campaign-0b839fc9,2021-12-10,2022-02-19,Social Media,Seniors,9877.14,3093.57,4.73
326,Campaign-a1ce18ef,2020-01-10,2020-02-23,Social Media,Young Adults,10419.42,3920.80,1.91
327,Campaign-a2570f13,2018-10-15,2018-11-12,Social Media,Seniors,1370.42,3620.74,1.44
328,Campaign-188a6c15,2022-06-18,2022-08-11,TV,Families,9769.56,8751.37,1.62
329,Campaign-76234feb,2021-05-08,2021-08-06,Social Media,Seniors,10144.79,4531.30,0.74
330,Campaign-057de700,2021-01-29,2021-02-23,Social Media,Families,9790.61,5891.32,4.55
331,Campaign-90fcc5e3,2021-01-04,2021-01-13,Print,Seniors,3065.11,1562.26,2.31
332,Campaign-3988dab4,2019-05-20,2019-07-21,TV,Young Adults,6256.57,2872.00,4.90
333,Campaign-a202c149,2019-01-26,2019-01-31,TV,Families,2998.20,6309.41,0.63
334,Campaign-087a3258,2022-06-07,2022-06-20,Email,Young Adults,5403.90,1095.50,4.54
335,Campaign-2e6ef2b5,2022-01-05,2022-02-28,Email,Young Adults,3276.37,7582.78,4.53
336,Campaign-3b696d3f,2021-12-15,2021-12-19,Print,Seniors,8309.76,5015.35,3.08
337,Campaign-78d1c11e,2020-12-12,2021-02-02,Email,Seniors,9390.84,7897.72,3.46
338,Campaign-d802dd7e,2022-04-23,2022-04-25,Email,Young Adults,9152.88,9575.37,2.19
339,Campaign-0e8c3fa1,2020-09-26,2020-11-14,Email,Young Adults,8450.90,6139.48,2.40
340,Campaign-c3c93042,2020-08-11,2020-10-24,Email,Seniors,5286.05,2323.24,0.20
341,Campaign-ef65b96e,2020-03-19,2020-06-11,TV,Young Adults,7399.61,8954.95,4.91
342,Campaign-d04625fb,2021-07-25,2021-09-05,Print,Seniors,3504.57,1701.36,4.49
343,Campaign-58e31def,2020-08-27,2020-11-07,Social Media,Seniors,5439.41,8914.16,1.15
344,Campaign-2f01c53a,2021-10-24,2021-11-04,Email,Seniors,3208.91,6100.51,0.18
345,Campaign-93353293,2021-05-30,2021-06-18,Social Media,Seniors,9767.71,10972.31,4.89
346,Campaign-e775edc8,2019-03-12,2019-04-06,Email,Young Adults,9076.01,7483.54,2.01
347,Campaign-7a75c693,2021-09-04,2021-09-13,Social Media,Young Adults,2634.63,10849.23,1.70
348,Campaign-0cba0a94,2019-03-11,2019-03-24,Email,Families,2579.74,8781.40,2.63
349,Campaign-1123c3f7,2022-02-28,2022-03-07,TV,Young Adults,9321.37,2532.46,3.29
350,Campaign-5d0d9e68,2021-07-19,2021-07-30,TV,Young Adults,4197.42,5214.01,3.90
351,Campaign-e8318582,2020-01-14,2020-01-28,TV,Young Adults,8785.32,1860.40,3.03
352,Campaign-870cab8f,2022-04-19,2022-05-19,Social Media,Families,1425.02,4972.12,3.53
353,Campaign-6edfc7e3,2020-09-25,2020-11-03,Social Media,Young Adults,4906.39,6230.68,1.71
354,Campaign-4a0a1e0d,2019-02-05,2019-04-13,Social Media,Seniors,3249.00,7677.41,4.92
355,Campaign-69878d4a,2022-08-14,2022-11-11,Social Media,Young Adults,4523.97,5137.05,3.12
356,Campaign-5b32728f,2018-10-12,2018-12-15,Email,Families,3715.23,10544.75,1.84
357,Campaign-6578270e,2020-10-28,2020-12-06,TV,Seniors,6573.68,7045.63,3.46
358,Campaign-68dc882d,2021-08-31,2021-09-27,Print,Seniors,7522.67,8430.25,3.71
359,Campaign-54c86bf1,2020-07-06,2020-09-28,Email,Seniors,1854.46,9303.15,1.21
360,Campaign-a3b1eb61,2018-11-19,2018-12-29,Print,Families,8357.02,1374.22,1.82
361,Campaign-cec0fa28,2020-12-29,2021-01-03,Social Media,Seniors,2271.78,1461.93,0.32
362,Campaign-2599e281,2018-09-28,2018-10-12,TV,Families,8755.54,10802.93,2.24
363,Campaign-5b0e3666,2019-08-08,2019-09-28,Email,Seniors,1469.34,3130.68,2.55
364,Campaign-023ef88a,2020-11-25,2021-01-02,Email,Families,9708.79,6849.56,1.91
365,Campaign-17160d6a,2018-10-16,2018-11-05,Print,Young Adults,2701.80,8711.70,4.09
366,Campaign-c5f7ca20,2019-02-08,2019-04-26,Email,Young Adults,8741.82,9633.85,4.56
367,Campaign-592edd03,2020-12-26,2021-01-02,TV,Families,9384.53,2317.47,2.51
368,Campaign-8bb94f1f,2021-03-09,2021-04-05,TV,Young Adults,3899.91,6991.42,1.77
369,Campaign-a27f435e,2018-10-06,2018-10-22,Email,Families,7813.99,8121.03,4.61
370,Campaign-aadbcea5,2022-09-03,2022-11-16,Social Media,Seniors,6356.58,6307.86,0.13
371,Campaign-cfac42b4,2022-07-12,2022-08-08,TV,Young Adults,8099.30,9370.17,3.26
372,Campaign-94a50a3f,2020-11-04,2020-11-21,Email,Families,7321.19,5668.80,0.92
373,Campaign-6704c287,2021-06-30,2021-08-26,TV,Young Adults,3431.97,4908.30,1.67
374,Campaign-0e4802fd,2019-09-27,2019-10-16,Social Media,Young Adults,8820.70,6701.84,3.13
375,Campaign-5051499b,2018-09-05,2018-11-18,Print,Young Adults,10176.11,4847.48,1.46
376,Campaign-1a39563d,2022-03-07,2022-03-17,Print,Families,8628.16,10958.65,2.82
377,Campaign-8c943cf5,2019-08-02,2019-08-24,TV,Seniors,5254.82,7975.09,2.27
378,Campaign-0cc3c114,2019-10-31,2019-12-25,Social Media,Seniors,3801.43,7098.43,1.48
379,Campaign-c058f807,2019-07-18,2019-08-24,TV,Young Adults,2957.81,3715.39,2.05
380,Campaign-7c4c7a64,2022-08-22,2022-10-29,Print,Young Adults,8095.87,5919.76,4.35
381,Campaign-93376dd4,2019-10-29,2020-01-01,Social Media,Families,7052.32,8291.29,4.04
382,Campaign-629a4c2b,2022-04-04,2022-06-23,Print,Young Adults,4987.56,3512.02,1.04
383,Campaign-3394983e,2018-12-17,2019-03-07,Print,Young Adults,7018.62,6107.26,3.83
384,Campaign-cdda1117,2021-03-26,2021-05-06,Social Media,Seniors,2539.71,8610.49,0.56
385,Campaign-56370ad4,2019-10-12,2019-11-16,Social Media,Young Adults,3951.40,5735.28,3.56
386,Campaign-6dda3973,2020-02-05,2020-02-18,Print,Families,8934.42,4083.87,3.06
387,Campaign-8a783904,2022-01-15,2022-04-10,Email,Seniors,3108.09,9895.82,4.96
388,Campaign-b93f3569,2020-06-28,2020-07-16,Print,Seniors,8968.92,2754.49,0.56
389,Campaign-c28c8ca7,2019-02-22,2019-03-02,Email,Families,7025.12,10560.34,1.28
390,Campaign-d49745bb,2020-11-22,2021-02-01,Print,Young Adults,1942.77,3178.33,4.73
391,Campaign-d37dc9de,2019-05-26,2019-06-05,Print,Young Adults,3833.15,5070.43,1.31
392,Campaign-ed8771e2,2019-02-28,2019-04-15,Print,Seniors,1856.31,1824.47,1.70
393,Campaign-3b470fe3,2021-05-24,2021-05-29,TV,Seniors,7688.20,4830.11,3.60
394,Campaign-ef5ad183,2020-03-16,2020-05-16,Social Media,Families,4641.62,4647.65,3.15
395,Campaign-a9a4b61a,2018-10-10,2018-12-04,Social Media,Young Adults,10978.05,5951.72,1.11
396,Campaign-b5be9e9f,2021-04-25,2021-06-26,Social Media,Seniors,1736.21,2487.02,3.54
397,Campaign-752a6c3f,2020-06-24,2020-07-28,TV,Families,7201.05,5980.58,4.69
398,Campaign-eed64b97,2020-05-17,2020-07-15,Email,Seniors,3305.88,10378.86,3.21
399,Campaign-b5eeabdd,2022-02-15,2022-05-06,Social Media,Young Adults,8375.84,9024.19,3.19
400,Campaign-adea0032,2022-04-30,2022-06-24,Email,Young Adults,3057.22,2344.12,3.07
401,Campaign-3bdf2277,2021-02-18,2021-04-15,Social Media,Families,3661.79,8108.14,3.39
402,Campaign-c90e7328,2021-09-10,2021-12-02,Email,Families,5041.08,8625.41,1.12
403,Campaign-5ecc9bec,2020-10-08,2020-11-07,Social Media,Families,9348.30,5387.46,1.35
404,Campaign-3e3b2218,2021-10-20,2022-01-03,Print,Seniors,9030.87,4207.09,0.10
405,Campaign-b6b5b120,2019-03-03,2019-03-24,TV,Young Adults,7991.22,8061.50,0.81
406,Campaign-00f7a160,2022-03-02,2022-03-14,Print,Young Adults,4949.08,1541.18,1.39
407,Campaign-9f3a4132,2019-06-06,2019-07-03,Social Media,Young Adults,9915.06,6950.79,4.00
408,Campaign-48ff8bb7,2019-12-31,2020-01-20,Social Media,Families,8073.18,6843.44,1.71
409,Campaign-c87b981d,2020-11-28,2021-02-01,Print,Seniors,8760.56,3991.59,3.27
410,Campaign-f68da12b,2020-01-14,2020-03-14,Print,Young Adults,3272.36,4955.48,0.22
411,Campaign-8c77b9fe,2022-06-14,2022-07-08,TV,Young Adults,9326.11,2828.59,0.19
412,Campaign-67cd078e,2020-10-11,2020-10-17,Email,Seniors,10160.84,7150.87,1.67
413,Campaign-0ba794e6,2019-02-14,2019-04-03,Social Media,Families,9240.48,10600.64,0.77
414,Campaign-1d70b933,2021-07-10,2021-09-03,Social Media,Young Adults,2488.87,6043.38,0.86
415,Campaign-30b72b4d,2019-11-16,2020-01-10,TV,Young Adults,9432.42,6721.42,0.48
416,Campaign-48cdf1d5,2022-01-28,2022-04-22,Email,Seniors,9999.95,10654.05,2.10
417,Campaign-8a4ba916,2019-10-13,2019-11-29,Print,Seniors,3337.28,3458.04,4.79
418,Campaign-cfc611c4,2022-07-28,2022-09-03,Email,Families,4148.33,10491.16,3.19
419,Campaign-8a0a051e,2019-07-11,2019-08-16,Email,Families,2396.52,2403.77,3.46
420,Campaign-605c26a5,2021-04-14,2021-05-05,TV,Families,1441.95,8333.25,2.65
421,Campaign-0c26689e,2021-01-07,2021-01-20,TV,Seniors,7764.14,1765.41,3.83
422,Campaign-f090a57c,2020-04-10,2020-05-02,Email,Families,2928.18,4828.72,3.83
423,Campaign-58c938c0,2019-10-12,2019-12-29,Social Media,Young Adults,1719.60,3572.78,4.41
424,Campaign-64450316,2021-08-28,2021-09-29,Social Media,Families,3308.98,7158.41,4.55
425,Campaign-80972fd2,2019-04-10,2019-05-08,TV,Families,6131.04,7161.20,4.59
426,Campaign-10dd9a4f,2018-10-11,2018-10-24,Social Media,Families,7876.42,4741.15,3.68
427,Campaign-7a09d650,2021-02-20,2021-03-27,Social Media,Young Adults,2341.56,6064.68,0.46
428,Campaign-0a70cd0d,2019-10-06,2019-10-26,Social Media,Young Adults,2100.90,10131.42,1.22
429,Campaign-9baec1a4,2019-03-28,2019-06-03,Social Media,Young Adults,8032.06,10167.73,2.29
430,Campaign-02b80e36,2020-04-08,2020-06-24,TV,Young Adults,10456.08,5135.89,4.96
431,Campaign-c3990c28,2020-01-20,2020-04-11,TV,Young Adults,4668.50,4726.45,1.09
432,Campaign-74eb931f,2021-08-25,2021-11-21,Social Media,Seniors,5960.45,10714.33,2.31
433,Campaign-92909f34,2021-02-03,2021-05-01,Print,Families,9775.76,9105.19,2.11
434,Campaign-ed2f4665,2020-05-07,2020-06-27,Social Media,Seniors,8864.98,2932.70,3.59
435,Campaign-bad48bc0,2019-07-27,2019-09-07,Social Media,Seniors,1208.98,3123.84,3.95
436,Campaign-f5e3b8d3,2020-08-09,2020-11-03,TV,Seniors,6304.92,9800.16,2.54
437,Campaign-e74686b1,2022-08-29,2022-10-21,Social Media,Young Adults,8107.52,6788.42,3.59
438,Campaign-d6d0b988,2018-09-07,2018-12-07,Email,Young Adults,3193.19,4610.26,1.34
439,Campaign-97153f96,2021-08-03,2021-11-01,Print,Seniors,7263.60,2985.57,0.60
440,Campaign-fbd8b64a,2019-10-14,2020-01-06,Print,Families,1144.09,2659.15,4.22
441,Campaign-19624869,2019-10-13,2019-11-14,Print,Young Adults,7468.48,5098.96,2.28
442,Campaign-e9942829,2022-03-29,2022-06-10,Social Media,Seniors,1562.95,5852.57,2.23
443,Campaign-39eb0963,2022-07-20,2022-08-10,Social Media,Seniors,8587.70,4468.25,2.32
444,Campaign-ff7f8228,2020-02-13,2020-02-23,Print,Young Adults,1350.72,10582.85,1.26
445,Campaign-0e0abf2a,2020-10-19,2021-01-17,Social Media,Young Adults,10450.82,6296.54,4.76
446,Campaign-db282dbc,2021-01-26,2021-02-09,Print,Young Adults,10462.35,9650.87,1.56
447,Campaign-ff1b5cf6,2022-07-28,2022-09-08,Email,Seniors,9614.82,2886.56,2.22
448,Campaign-81fc4230,2021-09-25,2021-10-19,Email,Families,4900.68,4901.07,0.32
449,Campaign-4f8a1623,2018-11-03,2018-11-24,TV,Young Adults,10948.25,2708.71,3.75
450,Campaign-6564ef76,2019-10-16,2019-10-17,TV,Seniors,2803.87,8601.95,1.36
451,Campaign-359404e5,2020-05-16,2020-08-07,TV,Families,5209.23,2313.93,2.32
452,Campaign-aee7a06e,2018-09-28,2018-10-31,Print,Families,8762.09,10440.32,2.99
453,Campaign-0162f6a1,2021-07-20,2021-08-16,Email,Young Adults,1009.09,4904.44,0.86
454,Campaign-db593bc7,2022-02-05,2022-03-26,Print,Seniors,6360.18,9655.09,2.53
455,Campaign-61eb8af7,2020-01-29,2020-04-05,Social Media,Young Adults,1733.53,4239.42,2.64
456,Campaign-3915c22c,2020-05-10,2020-06-04,Email,Young Adults,3955.43,2874.96,0.60
457,Campaign-d6abdb66,2022-03-26,2022-05-28,Social Media,Seniors,1868.11,2275.64,0.16
458,Campaign-d8c71ca3,2020-09-22,2020-10-15,Social Media,Young Adults,3876.86,4314.95,2.32
459,Campaign-97b31037,2020-07-11,2020-08-11,Social Media,Families,5457.88,9231.43,1.22
460,Campaign-15ef97b9,2022-03-02,2022-04-03,Print,Seniors,6059.10,1143.36,3.82
461,Campaign-5083d31e,2020-08-28,2020-11-26,Email,Young Adults,7875.43,3284.07,4.86
462,Campaign-4f8160d5,2020-11-08,2020-11-12,Email,Seniors,2614.79,7352.46,4.04
463,Campaign-2324bb3b,2020-10-31,2021-01-23,Email,Families,7810.92,7356.46,4.08
464,Campaign-169dc3e3,2019-02-27,2019-03-02,Email,Families,8019.25,10568.69,4.46
465,Campaign-0f26160b,2020-12-21,2021-02-04,TV,Families,6083.56,5260.88,3.24
466,Campaign-161da5ef,2020-04-15,2020-05-15,Social Media,Young Adults,10871.17,5400.60,3.77
467,Campaign-a2078f4c,2018-10-16,2018-12-04,Email,Young Adults,7825.15,8793.70,0.39
468,Campaign-c007cb53,2018-12-20,2019-02-21,Print,Seniors,3374.98,2809.21,4.66
469,Campaign-95faafab,2018-12-29,2019-01-21,TV,Seniors,10962.53,7011.48,4.99
470,Campaign-9658639a,2020-03-16,2020-03-29,Social Media,Seniors,2841.81,4049.59,1.64
471,Campaign-ed0cd9fa,2022-07-24,2022-07-26,Social Media,Families,10205.70,5475.88,3.21
472,Campaign-2b895e54,2020-05-21,2020-07-19,TV,Families,7390.05,6508.68,1.80
473,Campaign-7da93301,2019-09-02,2019-10-10,Social Media,Families,10836.19,5090.49,1.74
474,Campaign-a60bdebb,2019-09-03,2019-11-14,Email,Seniors,9423.97,1804.28,0.05
475,Campaign-abfb9375,2018-11-30,2018-12-06,Email,Young Adults,7740.05,2893.10,0.12
476,Campaign-80b97f79,2022-02-12,2022-03-29,Print,Seniors,9343.14,10877.68,0.89
477,Campaign-5969521e,2019-03-17,2019-05-02,TV,Seniors,7170.93,1388.01,4.80
478,Campaign-3b87fb1d,2019-05-26,2019-06-26,Print,Families,8469.01,3447.19,3.98
479,Campaign-813a21ff,2019-05-11,2019-08-07,Email,Young Adults,2611.89,8564.42,2.65
480,Campaign-6ce54c08,2020-11-12,2021-01-21,Print,Seniors,4080.26,7890.98,4.75
481,Campaign-28135f8a,2021-12-18,2022-02-27,TV,Young Adults,5151.61,7779.15,0.50
482,Campaign-d5c678b2,2018-12-30,2019-02-11,Email,Seniors,3790.73,10748.45,2.86
483,Campaign-070dd782,2021-10-11,2021-11-02,TV,Seniors,4070.22,8391.68,2.26
484,Campaign-7213b6b3,2022-05-03,2022-05-22,Social Media,Seniors,2230.90,7671.02,3.18
485,Campaign-aaad5507,2020-08-25,2020-10-04,Email,Young Adults,10655.04,2383.96,4.21
486,Campaign-140c7132,2021-01-17,2021-03-15,Print,Seniors,3549.13,9115.81,0.81
487,Campaign-e71172a5,2021-09-17,2021-10-14,Social Media,Seniors,3067.31,5515.78,1.49
488,Campaign-99ab5733,2019-06-07,2019-08-03,Email,Seniors,9247.83,4559.29,4.94
489,Campaign-a293b722,2018-10-06,2018-10-13,Email,Young Adults,2050.79,2272.34,1.57
490,Campaign-e04683b2,2019-02-04,2019-05-04,Print,Families,5471.67,8038.07,4.51
491,Campaign-8f0d7d86,2021-12-26,2022-01-04,Print,Families,6564.71,6044.16,0.86
492,Campaign-dcac61c6,2019-06-01,2019-08-03,TV,Young Adults,1297.57,3045.36,1.72
493,Campaign-930681c6,2018-12-13,2019-02-04,Email,Families,4947.71,3195.83,0.17
494,Campaign-b8cdcf4d,2021-08-08,2021-08-11,Email,Families,8656.75,2882.09,3.56
495,Campaign-b6d42ad2,2021-06-06,2021-07-15,TV,Seniors,7909.28,7857.62,1.75
496,Campaign-417fe030,2019-01-30,2019-04-16,Social Media,Families,7651.05,1866.51,2.63
497,Campaign-f5dd57d9,2020-01-13,2020-03-30,Social Media,Families,3170.25,6899.37,0.90
498,Campaign-d10c7c46,2019-04-26,2019-05-21,Email,Young Adults,3232.72,3118.13,0.18
499,Campaign-8a3f519a,2022-08-24,2022-09-08,Email,Young Adults,1162.05,3213.48,3.98
500,Campaign-00c6bd68,2018-10-04,2018-11-02,Email,Young Adults,2658.32,7670.61,3.65
501,Campaign-b6efccbc,2020-12-14,2021-01-07,Email,Young Adults,3082.46,10868.62,1.93
502,Campaign-a97ad1c2,2020-10-09,2020-11-05,Email,Seniors,5917.49,8213.12,4.22
503,Campaign-407a04dd,2020-08-24,2020-10-09,Social Media,Young Adults,4190.07,8053.70,0.48
504,Campaign-e13adfe8,2021-05-19,2021-06-03,TV,Seniors,8603.97,1910.05,2.70
505,Campaign-93436b7c,2022-04-21,2022-05-03,TV,Young Adults,3941.43,2412.91,0.57
506,Campaign-9a7c6e1a,2022-08-11,2022-09-14,TV,Seniors,5832.41,6012.44,3.81
507,Campaign-303b8179,2022-06-29,2022-08-30,Email,Families,4649.53,6739.54,0.63
508,Campaign-4acf1a31,2018-12-03,2019-01-10,Social Media,Families,3042.96,9391.48,3.43
509,Campaign-79d6fb8a,2019-06-27,2019-09-04,TV,Young Adults,6439.62,10358.41,0.83
510,Campaign-58f3cbc0,2021-06-22,2021-09-08,Print,Families,8809.22,2989.02,2.54
511,Campaign-2bcf655a,2020-08-05,2020-10-01,Social Media,Young Adults,2788.43,10909.73,3.73
512,Campaign-0dc876ea,2022-01-19,2022-01-29,Email,Seniors,10435.60,8422.67,2.73
513,Campaign-2dec51e2,2020-07-08,2020-09-04,TV,Young Adults,5968.27,9109.90,2.24
514,Campaign-16bca6cc,2020-03-22,2020-04-23,Print,Families,5421.15,8829.95,0.74
515,Campaign-e908f140,2018-10-12,2018-12-07,Social Media,Young Adults,8926.36,4791.92,2.46
516,Campaign-19a81347,2021-06-28,2021-09-03,TV,Young Adults,9564.82,9960.86,2.90
517,Campaign-27ae3e5b,2021-02-20,2021-04-10,TV,Young Adults,7168.37,10511.97,4.78
518,Campaign-68fa95b5,2022-01-01,2022-02-08,TV,Young Adults,3823.09,8289.68,2.41
519,Campaign-d12b1b5b,2020-03-06,2020-03-25,Print,Young Adults,1104.73,4441.49,2.06
520,Campaign-fc6a868b,2019-02-26,2019-03-26,TV,Seniors,7037.96,7899.28,0.76
521,Campaign-aebdeeb8,2020-03-25,2020-05-20,Email,Seniors,10455.48,6453.26,2.95
522,Campaign-36c1c9d4,2022-03-05,2022-03-14,TV,Young Adults,7446.44,3098.83,2.96
523,Campaign-6d0e0238,2018-10-11,2018-12-01,Email,Families,5369.12,3432.89,4.28
524,Campaign-6110ff84,2019-08-08,2019-09-13,Print,Seniors,7180.31,8234.81,1.56
525,Campaign-7fb05e1e,2020-04-22,2020-06-22,Email,Seniors,5390.71,9106.48,3.67
526,Campaign-5cc4a2a0,2019-02-02,2019-03-02,Print,Seniors,7797.30,4488.85,3.09
527,Campaign-0790592a,2018-11-21,2019-02-08,Email,Seniors,2750.23,7817.85,0.14
528,Campaign-967034c9,2020-01-24,2020-04-21,Print,Young Adults,7903.63,3431.63,1.57
529,Campaign-a7018dc2,2018-11-23,2018-12-16,Print,Seniors,2796.86,9765.99,3.38
530,Campaign-0d3424dd,2020-04-18,2020-06-05,TV,Families,4313.23,7093.14,3.42
531,Campaign-36a23e40,2019-05-27,2019-05-30,Print,Young Adults,7557.28,1027.86,1.44
532,Campaign-2ff06418,2020-01-10,2020-04-04,Print,Seniors,10770.92,10956.95,4.48
533,Campaign-51dd2142,2022-04-10,2022-05-25,Print,Families,9477.61,10577.43,2.76
534,Campaign-19e565c3,2019-11-25,2019-12-03,TV,Young Adults,8059.41,7669.47,0.74
535,Campaign-de3e2d4e,2020-02-01,2020-03-05,Social Media,Seniors,9033.46,5499.24,0.05
536,Campaign-d6f6f0e6,2020-10-09,2020-11-08,Print,Families,10706.39,4785.56,1.18
537,Campaign-1db056bc,2020-02-01,2020-02-24,Social Media,Young Adults,7127.02,6245.32,0.95
538,Campaign-58df58d4,2019-02-23,2019-05-24,TV,Seniors,10018.22,8755.03,4.26
539,Campaign-c9f40895,2022-06-02,2022-08-16,TV,Seniors,5382.25,9387.44,2.31
540,Campaign-51374e78,2018-09-06,2018-10-25,Social Media,Families,2298.51,8353.82,3.47
541,Campaign-2ede3c63,2021-02-28,2021-03-23,TV,Families,5905.87,10396.08,2.94
542,Campaign-8dd7199f,2021-07-20,2021-09-28,Social Media,Young Adults,3909.55,1775.86,1.22
543,Campaign-4959bb8a,2020-09-22,2020-11-20,TV,Young Adults,3495.32,7537.59,3.70
544,Campaign-2dbf84ba,2018-12-11,2019-02-21,Social Media,Seniors,9238.75,4833.62,0.34
545,Campaign-d9b969aa,2022-03-19,2022-05-13,Social Media,Seniors,4318.21,8492.89,0.94
546,Campaign-d3024aad,2019-07-31,2019-10-17,Social Media,Families,7147.82,8995.19,2.50
547,Campaign-6987b155,2021-08-11,2021-10-21,Print,Seniors,7013.00,6555.76,4.80
548,Campaign-87c40789,2019-06-22,2019-06-26,TV,Seniors,3399.48,5552.94,4.28
549,Campaign-c036fb0c,2019-02-07,2019-03-17,Social Media,Seniors,8347.15,3928.36,3.26
550,Campaign-6552a111,2020-12-15,2021-03-02,Print,Seniors,5314.72,6269.77,2.18
551,Campaign-1983bf0c,2019-12-12,2020-02-18,Print,Families,1979.65,7468.04,2.34
552,Campaign-5e275b47,2022-02-16,2022-02-27,Email,Seniors,9044.71,1407.83,4.00
553,Campaign-2f990f95,2019-11-26,2020-02-21,Social Media,Young Adults,7543.04,2728.61,4.26
554,Campaign-fef8ef59,2021-07-31,2021-08-11,Social Media,Seniors,10709.49,4237.00,3.14
555,Campaign-5f15f2ed,2021-09-10,2021-10-23,Email,Seniors,9942.64,2212.38,4.61
556,Campaign-4ab22300,2020-09-28,2020-11-07,Print,Families,5692.50,8583.98,1.86
557,Campaign-7c8b1129,2020-11-04,2021-01-26,Email,Seniors,8823.86,5571.04,1.55
558,Campaign-1a4a9541,2022-04-02,2022-05-25,Email,Seniors,9483.92,9890.79,4.96
559,Campaign-5654deba,2020-05-02,2020-06-29,TV,Seniors,2856.62,6684.00,4.06
560,Campaign-23b165da,2022-06-11,2022-08-25,TV,Seniors,2005.06,9061.79,1.86
561,Campaign-d07b504f,2021-12-16,2022-03-03,Email,Families,3177.33,10077.54,1.55
562,Campaign-3274da99,2021-08-10,2021-10-01,Print,Families,6977.26,8374.09,4.18
563,Campaign-f249ac6a,2020-09-14,2020-11-20,Print,Families,3144.96,6503.47,4.20
564,Campaign-f61918d8,2022-07-15,2022-09-09,Email,Seniors,3561.83,7133.68,1.45
565,Campaign-9200c2e8,2020-06-28,2020-07-13,Print,Young Adults,7420.52,3495.09,0.68
566,Campaign-23b66ee9,2021-05-25,2021-06-13,Print,Young Adults,9651.03,6759.59,1.34
567,Campaign-d7e2d1a5,2019-05-02,2019-05-29,Print,Young Adults,6223.78,6723.91,0.98
568,Campaign-b15d3f8c,2020-04-30,2020-05-12,TV,Families,4440.30,6162.59,3.23
569,Campaign-6906a9bc,2020-01-20,2020-04-06,TV,Young Adults,10899.81,7406.41,1.99
570,Campaign-8e4bd6c4,2022-05-01,2022-06-03,Email,Families,7132.59,9178.22,3.47
571,Campaign-a083ee68,2019-05-31,2019-07-31,Email,Families,8833.73,7554.07,1.24
572,Campaign-1fbbf171,2020-11-28,2020-12-08,TV,Young Adults,2532.54,3880.50,0.38
573,Campaign-a7216771,2022-05-11,2022-06-28,Social Media,Families,7279.29,9240.20,1.50
574,Campaign-112a6847,2021-07-09,2021-08-14,TV,Families,1038.82,6943.38,1.92
575,Campaign-ffce2f50,2021-03-23,2021-03-28,TV,Young Adults,10444.25,7429.81,3.81
576,Campaign-7f6d9caf,2019-03-12,2019-05-18,Social Media,Young Adults,1176.74,2333.51,0.98
577,Campaign-97054bc8,2021-12-06,2022-02-25,Print,Families,1147.24,5939.40,1.34
578,Campaign-7629ff37,2020-04-18,2020-06-29,Print,Families,5450.16,5682.50,3.80
579,Campaign-4631b235,2021-03-16,2021-05-03,TV,Seniors,6991.78,9703.59,3.38
580,Campaign-df00fd09,2020-07-02,2020-09-22,Social Media,Families,5093.45,2798.22,0.47
581,Campaign-5e038dbd,2019-08-31,2019-11-23,Email,Young Adults,10540.82,4077.32,4.37
582,Campaign-88aed509,2019-07-20,2019-08-15,Print,Seniors,7172.51,1296.71,1.28
583,Campaign-87c3fbb7,2022-08-21,2022-09-19,Email,Young Adults,10147.18,10073.01,2.45
584,Campaign-ff640631,2019-08-14,2019-10-27,Social Media,Families,7584.38,9785.02,0.28
585,Campaign-a7e0adac,2019-02-28,2019-03-22,TV,Seniors,2604.77,3118.93,3.38
586,Campaign-6b0edf94,2021-06-11,2021-06-25,Social Media,Families,5904.38,4139.02,0.61
587,Campaign-f6940ed1,2020-06-04,2020-06-24,Email,Young Adults,9250.48,3963.03,4.50
588,Campaign-8bddc587,2022-08-21,2022-10-31,Social Media,Young Adults,9518.71,1521.31,0.70
589,Campaign-4da191c4,2022-07-25,2022-08-19,Social Media,Families,8241.87,6937.58,0.47
590,Campaign-62a66c13,2020-09-19,2020-12-06,Print,Young Adults,2101.44,9070.43,4.41
591,Campaign-5425543d,2021-09-23,2021-10-19,TV,Families,2794.22,4287.52,1.40
592,Campaign-23bdf296,2022-03-17,2022-05-23,Email,Seniors,1690.21,10958.51,3.17
593,Campaign-b13ba176,2020-02-11,2020-04-12,Social Media,Families,9317.90,6630.10,0.92
594,Campaign-25640b05,2021-08-30,2021-10-14,Print,Seniors,7548.51,4217.79,3.03
595,Campaign-662ea42c,2021-02-22,2021-04-12,Social Media,Seniors,1853.23,8615.96,1.21
596,Campaign-16002d0a,2022-07-27,2022-09-21,Print,Seniors,8384.99,2019.08,1.02
597,Campaign-c9760f46,2021-07-30,2021-10-06,Email,Families,2484.18,10211.79,0.56
598,Campaign-e2c325b0,2018-11-10,2018-11-28,Email,Families,9341.38,5294.72,3.47
599,Campaign-ba87a8e6,2022-06-24,2022-07-30,Print,Families,10214.82,2828.21,2.78
600,Campaign-af7b5a14,2019-09-08,2019-09-14,Email,Young Adults,4832.89,4792.79,1.28
601,Campaign-70225447,2019-07-25,2019-10-16,Social Media,Families,6738.20,7113.50,3.34
602,Campaign-d1d8e960,2022-04-14,2022-05-14,Print,Young Adults,9710.06,8635.10,2.89
603,Campaign-fa519d1c,2022-06-18,2022-06-22,TV,Families,6169.17,9073.41,1.85
604,Campaign-85cb95bd,2018-09-17,2018-11-17,Social Media,Young Adults,1847.98,5541.26,3.39
605,Campaign-3031859d,2022-02-28,2022-05-26,Social Media,Young Adults,8228.01,6024.07,0.55
606,Campaign-24c64fff,2021-11-13,2022-02-07,Social Media,Families,1873.73,1504.68,2.98
607,Campaign-c968536e,2020-07-08,2020-08-30,TV,Seniors,1000.27,1710.54,0.25
608,Campaign-9d615200,2019-01-25,2019-02-12,Email,Seniors,4565.52,10748.08,3.11
609,Campaign-ea95579e,2021-01-04,2021-02-15,Social Media,Seniors,8996.57,10656.08,3.91
610,Campaign-880a5c49,2022-01-25,2022-01-26,Social Media,Seniors,2487.27,3263.17,1.85
611,Campaign-2c8aa5e7,2021-03-01,2021-03-20,Print,Families,5794.17,4326.04,0.98
612,Campaign-ef9ea213,2021-03-24,2021-04-25,Print,Young Adults,10007.81,6055.12,3.76
613,Campaign-94791d77,2021-04-26,2021-04-30,TV,Young Adults,4089.56,6625.14,4.42
614,Campaign-83fc311e,2019-06-15,2019-08-06,Email,Seniors,8468.97,5848.66,4.26
615,Campaign-33025241,2020-05-12,2020-07-18,TV,Families,9973.50,6269.39,2.98
616,Campaign-0004ec16,2022-04-29,2022-07-25,Print,Families,10295.63,5325.77,1.82
617,Campaign-0fd8f08d,2022-02-23,2022-04-14,Email,Families,2741.34,9263.46,3.86
618,Campaign-04cf4c5e,2019-11-24,2020-02-07,Email,Families,8642.92,8871.64,1.09
619,Campaign-f5e49a1d,2019-07-02,2019-07-12,Print,Young Adults,5746.06,7036.93,1.79
620,Campaign-58efb3c8,2022-03-24,2022-05-04,Print,Young Adults,1354.33,7918.11,1.79
621,Campaign-c779229a,2021-02-22,2021-05-05,Print,Families,9144.10,7897.40,1.95
622,Campaign-c3f9ffa0,2022-01-17,2022-03-24,TV,Seniors,2490.09,1578.57,4.49
623,Campaign-f79e2eec,2021-08-27,2021-09-22,TV,Young Adults,4712.97,10081.09,1.45
624,Campaign-02282a82,2020-07-11,2020-09-06,TV,Young Adults,10098.20,1489.21,2.90
625,Campaign-0c842b50,2019-09-02,2019-10-14,Print,Families,10197.83,7321.08,0.56
626,Campaign-6483464c,2022-01-04,2022-02-18,Social Media,Families,4143.41,6088.76,3.33
627,Campaign-c4246a6f,2018-12-10,2019-02-27,Print,Seniors,5535.06,10260.78,2.61
628,Campaign-ae038232,2019-04-21,2019-05-05,Print,Families,4265.80,3486.09,1.02
629,Campaign-c6df8f85,2020-07-16,2020-10-05,TV,Seniors,2307.58,10337.89,2.38
630,Campaign-12c23175,2019-06-01,2019-07-09,Print,Families,2453.71,5916.09,3.03
631,Campaign-87cf1318,2021-01-15,2021-03-19,TV,Families,6894.48,8213.22,4.25
632,Campaign-ca9374bc,2020-11-08,2020-11-09,TV,Families,6725.30,3294.54,2.75
633,Campaign-2464a0b0,2021-10-06,2021-10-23,Social Media,Seniors,1208.59,9302.24,1.45
634,Campaign-7a61cbd2,2021-12-08,2022-01-17,Social Media,Young Adults,10462.58,7820.05,3.46
635,Campaign-6d28760f,2021-03-26,2021-05-02,TV,Families,8746.99,9131.24,3.37
636,Campaign-d141af34,2019-02-07,2019-03-05,Social Media,Young Adults,8456.83,4376.72,1.84
637,Campaign-620c028e,2020-02-16,2020-03-04,Print,Young Adults,2032.96,6467.43,1.08
638,Campaign-f231b961,2021-05-05,2021-05-16,TV,Families,10084.46,6100.43,0.66
639,Campaign-8f4d7801,2019-02-01,2019-02-23,Email,Seniors,3559.27,4940.54,1.99
640,Campaign-dcefe88d,2020-02-22,2020-04-30,Social Media,Seniors,10494.65,1889.78,4.23
641,Campaign-acd4c53a,2021-11-21,2022-01-26,Print,Seniors,9465.85,9371.26,4.13
642,Campaign-66b50cf6,2021-03-04,2021-05-09,Social Media,Seniors,8424.47,8534.76,3.07
643,Campaign-48f3e2a6,2022-04-26,2022-06-28,Social Media,Families,1761.81,6548.04,4.85
644,Campaign-f29edd89,2019-12-09,2020-01-26,Email,Seniors,7411.60,5741.37,2.52
645,Campaign-681b8b17,2018-12-19,2019-03-13,TV,Young Adults,1590.54,10632.83,1.53
646,Campaign-43a8f6cd,2022-08-02,2022-09-29,TV,Young Adults,2492.85,6743.96,3.26
647,Campaign-341159b6,2022-08-24,2022-10-13,TV,Seniors,2344.16,10112.10,4.73
648,Campaign-dbcdfd83,2022-07-10,2022-08-15,Email,Young Adults,2637.13,9383.74,1.27
649,Campaign-418e0e31,2019-03-06,2019-04-20,TV,Young Adults,3766.23,3444.91,0.09
650,Campaign-54337cf2,2022-03-27,2022-05-22,Print,Families,10312.06,10488.96,1.89
651,Campaign-ea3f9c72,2019-09-11,2019-10-07,Email,Young Adults,2960.11,7802.68,4.10
652,Campaign-275c6743,2022-01-22,2022-02-17,Print,Families,3626.09,5375.27,2.69
653,Campaign-e48dc8e9,2020-10-07,2020-12-10,Print,Families,3673.90,6054.72,0.58
654,Campaign-075a8525,2019-10-27,2020-01-11,TV,Families,6120.69,4255.77,4.26
655,Campaign-d3bef13c,2022-06-30,2022-08-07,TV,Seniors,1477.63,1387.05,3.74
656,Campaign-52ba962b,2018-09-18,2018-10-13,Print,Young Adults,1431.85,2665.58,4.65
657,Campaign-128a0332,2022-02-02,2022-04-19,Social Media,Young Adults,5483.37,8622.66,4.62
658,Campaign-801f2759,2022-02-25,2022-04-20,TV,Families,7220.22,10157.56,1.88
659,Campaign-4aaa0b11,2020-03-20,2020-03-31,TV,Families,2638.72,9991.30,2.80
660,Campaign-a9e9aa28,2020-05-07,2020-06-14,Email,Families,2089.01,5114.12,2.26
661,Campaign-c5b8a45b,2022-09-03,2022-11-20,Social Media,Families,7028.79,6925.84,0.89
662,Campaign-a6f58e6a,2020-04-18,2020-06-07,Email,Young Adults,6864.70,5417.96,4.16
663,Campaign-a8976b21,2020-03-26,2020-06-18,TV,Young Adults,9084.82,5285.10,0.33
664,Campaign-a97dd25f,2020-01-20,2020-04-17,Email,Families,10984.15,9873.24,2.39
665,Campaign-6e3613f0,2022-07-19,2022-09-25,Print,Families,3487.09,7736.69,0.46
666,Campaign-ce279057,2018-10-26,2019-01-19,Social Media,Families,2808.01,1578.43,0.33
667,Campaign-48498406,2021-12-08,2021-12-29,TV,Young Adults,3042.02,2657.25,2.38
668,Campaign-428066f0,2022-05-01,2022-05-05,Email,Seniors,6116.53,1947.58,4.57
669,Campaign-619c0ada,2018-11-05,2018-12-24,Social Media,Young Adults,5002.52,2512.09,0.23
670,Campaign-e106707d,2020-04-25,2020-05-23,Print,Families,10679.82,2372.84,4.23
671,Campaign-a2c93522,2021-03-29,2021-04-27,Social Media,Young Adults,10434.95,4379.42,3.52
672,Campaign-4674eaac,2020-01-24,2020-04-03,Social Media,Seniors,2377.08,10579.28,0.54
673,Campaign-6cdc98b9,2021-06-24,2021-08-08,Email,Young Adults,8039.68,9144.57,1.69
674,Campaign-1b077eb0,2022-04-28,2022-04-30,Email,Seniors,7529.27,10700.89,4.35
675,Campaign-23334651,2020-05-10,2020-05-13,Print,Young Adults,6391.40,6468.47,0.30
676,Campaign-3a3432a3,2019-07-11,2019-07-28,Email,Seniors,8225.14,6512.68,4.42
677,Campaign-4dd52c27,2020-12-10,2021-02-05,TV,Seniors,2493.59,4649.38,3.59
678,Campaign-267f6bfc,2020-12-19,2021-02-22,Email,Seniors,9110.58,1243.36,1.58
679,Campaign-20da1867,2021-11-07,2021-11-16,Print,Seniors,9486.90,6986.39,2.84
680,Campaign-bdca7f20,2019-04-22,2019-06-03,Social Media,Young Adults,3813.80,2107.59,1.23
681,Campaign-b126e7cc,2018-09-30,2018-12-06,TV,Seniors,4411.03,3709.38,1.53
682,Campaign-6a05446e,2022-06-04,2022-07-24,Email,Seniors,5243.19,1109.95,2.16
683,Campaign-386263fd,2021-07-02,2021-08-04,Email,Seniors,7022.05,8360.58,3.79
684,Campaign-a84fbaed,2018-10-21,2018-12-28,Social Media,Young Adults,7109.83,10078.00,2.02
685,Campaign-15a2ccd8,2021-04-03,2021-05-17,Email,Seniors,3244.60,6083.03,0.40
686,Campaign-4537490c,2019-11-22,2019-12-23,Social Media,Young Adults,6844.77,4880.32,3.73
687,Campaign-f3f14663,2020-02-15,2020-03-27,Social Media,Young Adults,10545.14,9192.39,2.42
688,Campaign-452eb994,2020-05-02,2020-05-27,Social Media,Young Adults,4559.74,6324.99,0.05
689,Campaign-2d0dc4f0,2021-10-13,2021-11-08,Email,Families,7065.89,7851.16,2.70
690,Campaign-d8a5ea93,2022-05-10,2022-07-09,Print,Young Adults,7354.32,7183.96,2.16
691,Campaign-566faa77,2021-02-15,2021-04-22,Social Media,Young Adults,1178.58,6742.11,3.42
692,Campaign-19aa922d,2019-04-28,2019-07-09,TV,Families,3492.14,8154.40,4.14
693,Campaign-a0f50a97,2021-09-18,2021-09-23,Email,Families,10879.71,4513.68,0.65
694,Campaign-d80b831f,2022-01-11,2022-04-01,Social Media,Seniors,9165.40,8308.06,2.46
695,Campaign-ca3952a2,2018-09-27,2018-10-20,Social Media,Families,6121.42,8315.36,1.20
696,Campaign-277f7721,2018-11-25,2018-12-22,Email,Young Adults,2084.15,1823.75,1.45
697,Campaign-4681e3e3,2022-05-10,2022-06-21,Email,Families,10026.07,4882.89,4.44
698,Campaign-1a976aed,2019-05-18,2019-07-20,Email,Families,7110.19,8278.16,4.49
699,Campaign-073c3460,2019-06-23,2019-08-28,Email,Seniors,5980.37,1090.05,2.84
700,Campaign-6d9fc071,2021-03-21,2021-05-23,TV,Families,10435.81,5036.68,2.52
701,Campaign-ca74d628,2021-12-24,2022-02-19,Email,Families,10455.69,2556.49,2.44
702,Campaign-8da29a0a,2018-10-16,2019-01-09,Print,Young Adults,3554.14,3894.19,0.98
703,Campaign-9a99fafa,2019-10-17,2019-12-07,Social Media,Seniors,8165.93,1184.03,4.37
704,Campaign-b82a1062,2021-01-05,2021-01-13,TV,Families,3664.57,1867.63,0.44
705,Campaign-f17a81ed,2021-04-05,2021-05-14,Social Media,Families,8681.57,3702.44,2.74
706,Campaign-f5762a0d,2019-10-10,2019-12-28,Email,Families,10313.52,8465.22,3.65
707,Campaign-dae97aa7,2021-08-14,2021-09-05,Social Media,Families,3436.31,7500.49,4.97
708,Campaign-13bec9f4,2020-01-31,2020-04-01,Email,Young Adults,6218.53,10635.55,2.75
709,Campaign-1d8597e4,2020-09-09,2020-09-28,Social Media,Young Adults,7231.49,4945.54,0.39
710,Campaign-4afc2949,2018-12-26,2019-03-01,Print,Seniors,6965.76,3281.35,1.76
711,Campaign-7707f79c,2019-01-29,2019-02-12,TV,Families,7761.14,7373.97,4.71
712,Campaign-02afa298,2020-08-17,2020-08-24,TV,Young Adults,3253.75,4773.87,3.46
713,Campaign-7f47895a,2020-12-14,2021-01-18,TV,Families,1829.78,7820.82,3.13
714,Campaign-4e6a207e,2022-04-14,2022-05-27,TV,Families,1999.72,2896.44,2.65
715,Campaign-d48ccfc9,2020-05-11,2020-06-11,Social Media,Seniors,8588.76,8859.40,3.84
716,Campaign-497588d0,2020-03-20,2020-05-31,Social Media,Families,1561.49,4547.33,2.54
717,Campaign-968e0910,2020-07-18,2020-09-21,TV,Young Adults,2477.10,6147.33,2.73
718,Campaign-fe80cb05,2020-11-13,2020-11-15,TV,Young Adults,4547.03,8867.54,3.08
719,Campaign-c9d11e5d,2021-11-23,2021-12-09,Print,Families,2332.14,8114.93,2.86
720,Campaign-360605e5,2021-03-01,2021-05-16,Email,Young Adults,4115.31,6932.81,2.44
721,Campaign-6d281ef8,2020-06-21,2020-06-23,Print,Seniors,10953.35,1342.74,4.37
722,Campaign-8a6eeea2,2020-05-31,2020-06-02,Email,Young Adults,4129.26,5564.49,4.98
723,Campaign-e28d4db2,2022-07-25,2022-10-09,TV,Seniors,7903.33,2970.49,1.46
724,Campaign-ddee4b27,2021-11-08,2021-12-15,Email,Families,4443.71,7123.25,1.68
725,Campaign-bb6b9bd5,2020-04-11,2020-04-15,Print,Seniors,4840.95,8211.95,1.91
726,Campaign-75c1cd89,2019-07-21,2019-09-06,TV,Young Adults,10280.50,1344.89,4.87
727,Campaign-3e0292c6,2019-10-02,2019-11-30,Email,Families,8180.98,4267.27,1.13
728,Campaign-dfed6b16,2020-01-15,2020-03-15,Print,Young Adults,3938.12,3359.68,4.17
729,Campaign-2f971874,2018-10-20,2018-12-07,Social Media,Families,2980.53,4296.36,4.05
730,Campaign-a41940af,2021-07-03,2021-08-26,Print,Families,10800.41,8775.82,2.95
731,Campaign-21dd64f2,2022-01-05,2022-01-18,TV,Families,9748.77,6313.29,4.73
732,Campaign-13329f28,2018-09-27,2018-12-03,Print,Young Adults,3315.39,9517.28,1.39
733,Campaign-36181c74,2019-12-28,2020-01-07,Print,Seniors,10971.00,5161.53,2.92
734,Campaign-e68bcf78,2021-12-12,2022-01-24,Print,Young Adults,10000.69,8135.33,2.52
735,Campaign-99e193a8,2022-05-28,2022-08-20,Social Media,Seniors,7860.96,10558.64,2.18
736,Campaign-6e5585f8,2021-06-26,2021-08-23,TV,Seniors,10708.99,9875.64,1.06
737,Campaign-bb04ad33,2022-08-02,2022-10-29,Print,Young Adults,7846.83,8514.22,2.70
738,Campaign-1294c34c,2020-01-20,2020-02-22,Social Media,Families,10774.73,9019.36,0.37
739,Campaign-b6558230,2020-05-26,2020-07-12,Print,Seniors,6615.89,4286.92,1.05
740,Campaign-a4f09316,2021-03-04,2021-05-26,Social Media,Young Adults,2288.13,2716.73,4.21
741,Campaign-cb2d63ec,2020-10-01,2020-11-09,Email,Young Adults,10312.30,6779.37,2.89
742,Campaign-ac1893da,2022-03-22,2022-05-26,Social Media,Young Adults,7357.40,1973.15,3.01
743,Campaign-f6cd6f9c,2020-09-06,2020-09-27,Social Media,Seniors,7105.28,10556.88,2.16
744,Campaign-23b423bd,2022-04-19,2022-05-21,Print,Seniors,7195.64,9098.40,1.34
745,Campaign-d043d7fe,2020-09-30,2020-11-10,Print,Families,1369.01,7032.99,3.67
746,Campaign-e5934345,2022-08-03,2022-09-18,TV,Seniors,4182.45,10824.29,2.56
747,Campaign-f8a360f8,2021-07-08,2021-08-31,TV,Seniors,1306.35,9185.31,2.53
748,Campaign-05448c71,2022-01-03,2022-01-12,Print,Young Adults,4658.20,3147.42,1.42
749,Campaign-a2fc9232,2021-11-30,2022-01-04,TV,Young Adults,2260.27,4157.54,1.71
750,Campaign-fa8c4b5c,2020-09-19,2020-10-08,TV,Seniors,10458.93,9869.41,4.19
751,Campaign-ec11a50f,2021-12-21,2022-03-04,Email,Young Adults,3708.22,3230.52,3.47
752,Campaign-0123d718,2021-01-26,2021-01-30,Social Media,Young Adults,1918.06,8719.51,4.90
753,Campaign-28323070,2019-02-26,2019-04-10,TV,Young Adults,3217.08,2711.13,1.47
754,Campaign-c22eb92e,2021-09-06,2021-09-11,TV,Seniors,4545.13,6692.34,2.69
755,Campaign-9845cf52,2018-12-25,2019-01-14,Email,Young Adults,9007.22,7102.86,2.64
756,Campaign-7952f999,2021-05-31,2021-08-28,Email,Young Adults,6428.54,2844.07,3.49
757,Campaign-22c2e0b9,2021-04-19,2021-07-02,Print,Seniors,1332.79,7895.15,2.95
758,Campaign-bc33cc37,2018-10-06,2018-12-08,Email,Seniors,5540.79,7280.42,0.42
759,Campaign-36016b16,2020-03-20,2020-04-29,Email,Young Adults,2340.63,10828.47,4.03
760,Campaign-032f53f2,2019-08-18,2019-08-24,Email,Young Adults,2238.25,10580.76,1.93
761,Campaign-e891826e,2019-04-19,2019-05-08,TV,Seniors,3486.80,4557.98,0.14
762,Campaign-dd8ca2ee,2020-05-22,2020-07-14,TV,Families,5363.96,9628.71,2.22
763,Campaign-56e2cef6,2022-03-15,2022-03-19,Print,Young Adults,4258.46,10792.33,1.28
764,Campaign-ede0eee7,2021-09-27,2021-12-20,Print,Families,6497.71,10603.55,0.96
765,Campaign-b0b7f4c6,2019-07-17,2019-09-21,TV,Families,9979.68,9808.72,1.28
766,Campaign-f39ce0ea,2019-01-07,2019-01-21,Print,Seniors,3138.91,3721.02,0.62
767,Campaign-9bfff6b9,2020-10-10,2021-01-06,Email,Young Adults,7025.99,7679.99,1.00
768,Campaign-674ccea8,2022-04-23,2022-05-31,Print,Families,2596.81,1284.80,0.13
769,Campaign-8d50f5dc,2021-03-21,2021-03-23,Email,Families,5926.22,1900.03,0.63
770,Campaign-41568114,2020-06-27,2020-07-14,TV,Young Adults,4448.12,10499.04,4.92
771,Campaign-06a3a9e1,2022-03-18,2022-04-10,Email,Young Adults,10506.59,4216.03,1.28
772,Campaign-226083f2,2021-06-28,2021-08-25,TV,Young Adults,5733.25,5323.76,2.62
773,Campaign-93f2af22,2020-11-08,2021-01-28,Print,Young Adults,3643.78,3182.90,3.36
774,Campaign-dadb2a48,2018-10-17,2019-01-15,Print,Young Adults,1926.67,1339.29,2.60
775,Campaign-e5a06b0a,2019-03-30,2019-05-06,Social Media,Seniors,2909.72,5840.91,0.09
776,Campaign-ced5604c,2019-09-20,2019-09-30,Social Media,Families,5338.60,8596.88,4.14
777,Campaign-86f11780,2020-12-18,2021-01-25,TV,Young Adults,1855.64,4019.53,3.99
778,Campaign-6734de39,2021-05-11,2021-07-09,TV,Seniors,1125.18,8667.66,0.24
779,Campaign-ad59be66,2019-05-06,2019-06-10,Print,Seniors,7016.08,10410.40,2.67
780,Campaign-9c535a0f,2022-07-27,2022-07-29,Print,Seniors,10803.29,6841.49,0.29
781,Campaign-5fa8baa5,2020-04-27,2020-05-22,Print,Families,10260.67,3085.37,2.25
782,Campaign-5f0a5e67,2018-12-21,2018-12-26,Email,Young Adults,8526.02,5235.71,0.69
783,Campaign-72dad1cb,2020-12-18,2020-12-21,TV,Young Adults,2194.70,6905.86,1.38
784,Campaign-28da9147,2021-06-13,2021-07-31,Print,Families,10764.41,4312.45,1.29
785,Campaign-3bcb26a0,2021-08-01,2021-09-20,Email,Seniors,6143.10,5584.30,0.47
786,Campaign-ecd9daa5,2019-06-14,2019-08-24,Print,Seniors,1723.82,8537.60,5.00
787,Campaign-1ce12877,2019-08-08,2019-09-07,TV,Families,5058.97,6438.36,2.40
788,Campaign-8fceca15,2019-02-12,2019-03-10,TV,Seniors,1145.15,7723.92,2.63
789,Campaign-33eeb25d,2020-06-08,2020-07-17,Email,Families,5428.56,3914.51,4.11
790,Campaign-e83dc572,2019-03-25,2019-05-19,Print,Families,1436.02,3620.67,4.59
791,Campaign-9d9966fc,2021-04-05,2021-05-18,TV,Seniors,2936.34,2852.76,2.16
792,Campaign-259b0a38,2018-09-05,2018-09-17,Print,Young Adults,10935.87,7478.53,1.36
793,Campaign-6777e11b,2020-12-14,2020-12-23,TV,Seniors,4698.77,4516.06,1.21
794,Campaign-8c991edd,2019-07-06,2019-09-20,Social Media,Young Adults,3346.75,5575.87,1.17
795,Campaign-1539f311,2019-01-22,2019-02-07,Print,Young Adults,5407.18,9466.55,4.63
796,Campaign-bab1c962,2020-12-11,2020-12-25,TV,Young Adults,4387.48,3346.28,0.02
797,Campaign-cfac0ac7,2019-08-07,2019-08-23,Print,Families,8649.34,9355.05,4.78
798,Campaign-a2b64d52,2021-05-17,2021-08-12,Print,Young Adults,9898.34,2640.70,4.12
799,Campaign-48a5933b,2020-07-31,2020-10-26,TV,Young Adults,7363.07,8168.88,1.80
800,Campaign-3a3c76fd,2019-04-09,2019-06-11,Print,Families,6030.91,9284.71,2.79
801,Campaign-dd12c6fb,2020-12-27,2021-02-01,TV,Families,4541.54,8831.71,2.01
802,Campaign-a74f3b8c,2022-03-21,2022-03-25,Print,Families,6909.57,2089.44,1.37
803,Campaign-ecb9bf94,2020-01-15,2020-02-27,Print,Seniors,6766.40,9119.11,3.93
804,Campaign-3be08077,2022-03-05,2022-04-28,TV,Seniors,4265.26,5923.22,2.02
805,Campaign-8258f98f,2021-11-04,2022-01-14,Print,Young Adults,5072.80,3831.64,1.50
806,Campaign-0f26fc98,2020-12-04,2021-02-18,Print,Young Adults,4550.80,3758.91,3.75
807,Campaign-8efcdb29,2020-05-19,2020-07-05,Email,Seniors,6108.48,3048.19,1.03
808,Campaign-29dd79c5,2018-09-11,2018-09-19,Print,Seniors,7949.08,10490.90,3.17
809,Campaign-e8b6d4e7,2019-06-01,2019-07-23,Print,Families,6932.35,7839.90,3.41
810,Campaign-f177e106,2022-02-16,2022-04-18,TV,Young Adults,5498.62,4004.67,1.16
811,Campaign-56d17654,2020-12-13,2021-02-21,Print,Seniors,5468.01,8526.43,3.64
812,Campaign-633c90fc,2020-01-10,2020-03-10,TV,Seniors,7700.30,4883.15,0.59
813,Campaign-c8971c49,2022-03-31,2022-05-12,Social Media,Families,7945.67,5107.28,1.88
814,Campaign-77dc0dc6,2021-08-20,2021-09-10,TV,Seniors,3820.04,7952.29,0.35
815,Campaign-38984732,2021-06-22,2021-06-25,Social Media,Young Adults,3227.88,7794.40,3.22
816,Campaign-6fcc450a,2021-06-25,2021-08-13,Social Media,Young Adults,1948.90,9835.40,3.98
817,Campaign-b72d2577,2018-10-10,2018-10-27,Print,Families,6950.86,6693.12,2.85
818,Campaign-ec2400a4,2022-02-19,2022-02-28,Print,Families,10669.75,2041.05,3.02
819,Campaign-047c61c0,2019-05-31,2019-06-01,Print,Seniors,7417.56,9230.59,2.70
820,Campaign-1ef45e75,2022-07-29,2022-10-19,Print,Seniors,2103.99,10932.01,2.94
821,Campaign-84a2fb77,2020-01-27,2020-03-03,Email,Families,9936.00,10927.05,3.00
822,Campaign-6d12317a,2020-08-12,2020-09-02,TV,Families,3371.15,10349.51,4.10
823,Campaign-c8059591,2021-09-05,2021-12-03,Email,Families,7766.54,9629.57,0.78
824,Campaign-0a0f942f,2020-10-02,2020-10-28,TV,Young Adults,8853.91,7672.90,0.43
825,Campaign-a7c0ef42,2018-12-21,2019-02-17,Print,Young Adults,5712.15,3692.75,0.88
826,Campaign-4dbd50eb,2019-06-20,2019-08-29,Email,Seniors,1047.50,2810.16,2.89
827,Campaign-4b0df3a9,2021-01-07,2021-03-15,Social Media,Seniors,5161.92,8355.88,4.93
828,Campaign-b3b05396,2022-02-01,2022-04-19,Social Media,Families,10972.10,3123.33,1.12
829,Campaign-7b551e80,2020-10-31,2020-12-23,Email,Seniors,9543.37,5697.73,4.72
830,Campaign-e718ddb8,2020-01-22,2020-01-29,Social Media,Young Adults,2535.91,4680.72,4.52
831,Campaign-ffe06cb2,2021-10-12,2021-12-16,Print,Young Adults,7119.08,7469.11,4.97
832,Campaign-bfcf9c15,2019-03-05,2019-05-16,Print,Families,2697.53,5023.23,4.05
833,Campaign-6cc712fa,2022-06-16,2022-06-25,Social Media,Seniors,2699.57,8873.17,4.66
834,Campaign-5aa353cc,2021-03-03,2021-03-13,Email,Young Adults,1863.44,8044.57,2.53
835,Campaign-bd57f00a,2019-02-24,2019-03-29,Social Media,Families,10832.02,10097.95,4.23
836,Campaign-8bff11e3,2021-10-17,2021-12-19,Social Media,Families,10063.70,2551.54,1.68
837,Campaign-96a1658f,2019-11-02,2019-12-18,TV,Families,9009.07,3659.47,0.57
838,Campaign-c3485948,2018-11-03,2018-12-18,Social Media,Families,8578.48,2644.60,4.96
839,Campaign-d79085f3,2019-10-13,2019-12-25,Print,Young Adults,10784.56,9001.70,0.65
840,Campaign-5b4f2a61,2022-03-19,2022-05-16,Email,Seniors,6247.26,6499.35,0.18
841,Campaign-fd6f9b77,2020-12-24,2021-02-04,Social Media,Young Adults,2746.56,6220.23,2.54
842,Campaign-190bc3eb,2022-04-04,2022-04-08,Email,Seniors,4548.21,5662.17,2.11
843,Campaign-0bc2db4e,2018-10-28,2019-01-05,Email,Families,5729.56,6009.80,4.65
844,Campaign-59bdbb84,2020-02-11,2020-04-22,Email,Seniors,4305.85,7395.97,2.27
845,Campaign-2e810c23,2019-01-19,2019-02-05,TV,Young Adults,1520.32,3428.03,2.97
846,Campaign-256cf753,2022-04-16,2022-06-17,Email,Seniors,2242.76,8338.52,3.15
847,Campaign-dbb964f3,2020-06-02,2020-08-02,TV,Families,7030.71,3006.57,4.95
848,Campaign-7a0d5798,2018-09-21,2018-12-18,Print,Seniors,7688.89,10293.49,4.99
849,Campaign-6620ebef,2022-07-23,2022-07-28,Social Media,Families,3455.81,9368.77,2.67
850,Campaign-225e54ae,2019-11-23,2020-01-05,Email,Young Adults,4425.29,3908.94,1.82
851,Campaign-f3e7fa71,2020-10-01,2020-12-19,Social Media,Seniors,8333.20,5894.65,0.41
852,Campaign-a10fe85d,2019-09-20,2019-09-30,Print,Young Adults,7517.74,10883.02,3.05
853,Campaign-5ace4291,2020-07-18,2020-09-17,Print,Families,3403.51,1432.70,3.19
854,Campaign-c3719eb7,2019-10-18,2020-01-16,Social Media,Seniors,7112.92,3972.24,4.80
855,Campaign-55e5e7d2,2021-05-23,2021-05-28,TV,Families,5561.79,4618.33,1.60
856,Campaign-6ca2a864,2022-05-31,2022-08-27,Email,Seniors,8994.01,4766.76,2.95
857,Campaign-a265bac4,2019-05-03,2019-06-04,TV,Families,9109.24,6982.19,0.27
858,Campaign-8cff6e68,2019-10-13,2019-10-28,Social Media,Young Adults,4469.41,6440.50,2.62
859,Campaign-5e9539b5,2020-05-24,2020-08-20,Print,Young Adults,6383.48,2194.88,4.62
860,Campaign-1547ad4b,2022-02-15,2022-04-07,TV,Seniors,1049.87,2762.61,2.71
861,Campaign-c65b4bb1,2022-04-25,2022-05-18,Social Media,Families,3527.59,10432.81,1.08
862,Campaign-d00cd0aa,2021-04-26,2021-05-08,Email,Young Adults,6961.66,2830.89,1.94
863,Campaign-720a8949,2019-07-22,2019-07-23,TV,Seniors,8548.74,3378.45,1.04
864,Campaign-c2282759,2021-05-16,2021-07-21,Email,Seniors,2627.24,9664.62,2.06
865,Campaign-ffdd4e0f,2019-12-30,2020-03-27,Social Media,Young Adults,1495.67,10718.70,2.87
866,Campaign-8c38b272,2022-02-14,2022-03-26,TV,Seniors,8688.00,1090.50,0.53
867,Campaign-0099e7af,2019-10-15,2019-12-04,Social Media,Seniors,8850.97,4373.99,4.56
868,Campaign-b5c3a2bb,2021-08-06,2021-08-22,TV,Families,2195.82,3577.04,1.67
869,Campaign-8c8f45dc,2021-01-01,2021-02-11,Email,Seniors,10107.23,8471.56,1.04
870,Campaign-57305080,2019-01-31,2019-03-06,Social Media,Families,4346.77,6693.33,2.03
871,Campaign-6181527c,2022-02-19,2022-03-23,Email,Young Adults,6633.18,10021.98,3.59
872,Campaign-2a6dbdc0,2020-04-04,2020-05-31,Social Media,Seniors,9503.02,3517.63,2.42
873,Campaign-c78aac6a,2019-05-29,2019-07-31,Email,Young Adults,4914.45,1973.48,3.10
874,Campaign-9a40bf87,2021-01-06,2021-03-24,Print,Seniors,6017.64,3136.86,2.47
875,Campaign-7a42ac63,2019-06-18,2019-08-28,Email,Seniors,1765.68,7240.53,2.20
876,Campaign-75720d3f,2019-04-16,2019-04-21,Social Media,Young Adults,2151.36,9927.67,3.65
877,Campaign-fc32e7c1,2020-10-19,2020-12-14,Social Media,Families,1984.73,3541.75,1.78
878,Campaign-4c3937fe,2020-12-18,2021-01-03,Print,Young Adults,10099.49,10868.14,1.25
879,Campaign-19672877,2018-12-30,2019-03-21,Email,Young Adults,5236.65,3752.19,3.05
880,Campaign-db5d8b73,2020-03-14,2020-06-02,Social Media,Seniors,10036.14,3608.91,0.85
881,Campaign-0d0de791,2020-05-03,2020-06-16,Email,Families,10961.22,7986.98,4.00
882,Campaign-d8c2a420,2022-06-04,2022-08-31,Email,Families,2481.34,8194.39,0.43
883,Campaign-e89abf0f,2020-08-08,2020-09-12,Email,Young Adults,1804.84,8679.76,0.71
884,Campaign-2483c947,2021-09-25,2021-12-03,Print,Young Adults,5907.70,7404.60,4.96
885,Campaign-e35ea23f,2020-12-14,2021-02-12,TV,Young Adults,5994.64,1406.25,1.97
886,Campaign-295e1276,2021-05-23,2021-06-24,Social Media,Seniors,10916.18,7544.68,4.99
887,Campaign-0a79318e,2021-03-03,2021-05-07,TV,Seniors,2689.08,4347.62,3.31
888,Campaign-8967d215,2019-09-20,2019-11-19,TV,Families,2028.72,9944.25,1.99
889,Campaign-8fafcdc5,2019-09-15,2019-10-08,Social Media,Families,9532.01,1941.92,3.72
890,Campaign-b2a03958,2019-06-27,2019-07-05,Email,Families,2072.05,1033.56,2.75
891,Campaign-d59843e1,2019-02-23,2019-05-08,Social Media,Young Adults,5877.71,6218.64,3.86
892,Campaign-ebcabea9,2022-07-01,2022-07-03,Email,Families,2402.97,4636.17,3.69
893,Campaign-7a2a2468,2020-03-25,2020-04-10,Print,Families,1618.15,3648.71,3.93
894,Campaign-f7301d70,2019-05-30,2019-07-08,Print,Seniors,5535.43,8093.34,1.22
895,Campaign-a5158b6b,2020-07-27,2020-10-09,Email,Young Adults,6630.11,8640.64,2.40
896,Campaign-752dba2c,2020-12-09,2021-02-26,TV,Seniors,2396.49,3939.69,1.25
897,Campaign-bc8ebc19,2019-02-18,2019-04-21,Email,Families,2130.29,9496.15,4.66
898,Campaign-b129b075,2019-07-08,2019-08-17,Print,Young Adults,5240.59,10729.77,2.70
899,Campaign-86a759d6,2020-10-06,2020-11-30,TV,Families,4619.02,1261.98,1.80
900,Campaign-baab7e9c,2019-01-12,2019-03-05,TV,Seniors,8600.87,10475.49,4.05
901,Campaign-a849bf97,2021-03-31,2021-06-12,Email,Young Adults,9039.54,8361.92,1.59
902,Campaign-3ed0b7f4,2020-08-08,2020-11-04,Print,Families,6832.70,7770.48,0.88
903,Campaign-d33224ed,2021-10-29,2022-01-08,TV,Young Adults,1458.27,4367.55,1.71
904,Campaign-bfcfcf90,2022-07-22,2022-08-12,Email,Young Adults,2081.79,7803.05,0.32
905,Campaign-ab5379b6,2020-03-01,2020-03-23,Email,Families,5337.08,1879.92,3.17
906,Campaign-5aa097e0,2021-09-16,2021-11-14,Print,Families,4749.65,8963.75,1.45
907,Campaign-4386b853,2020-02-15,2020-03-04,Email,Families,3804.62,1877.16,4.42
908,Campaign-256409d4,2020-01-02,2020-01-08,Social Media,Seniors,3445.62,7081.70,2.02
909,Campaign-1e7d6548,2021-02-08,2021-04-01,Print,Seniors,3098.88,9741.45,4.08
910,Campaign-e414df40,2020-02-22,2020-03-24,Social Media,Families,6112.15,1209.19,4.92
911,Campaign-c43ca5c7,2019-09-05,2019-12-03,Print,Seniors,3907.08,9439.16,3.99
912,Campaign-d559257d,2019-11-24,2020-01-14,Print,Young Adults,6646.49,10599.42,4.14
913,Campaign-b63c7967,2019-03-19,2019-06-04,Social Media,Seniors,10183.10,6931.28,1.08
914,Campaign-77af43d5,2021-11-17,2021-12-23,Email,Young Adults,7240.09,4685.10,2.59
915,Campaign-ff44bce7,2021-12-26,2022-02-05,Social Media,Seniors,9023.91,5334.26,4.27
916,Campaign-241049f7,2020-06-28,2020-09-16,Email,Families,1016.12,1974.92,2.32
917,Campaign-973b66d7,2019-01-10,2019-01-15,Print,Seniors,6134.67,10079.26,0.74
918,Campaign-6ff30d51,2022-02-05,2022-03-29,TV,Young Adults,1532.95,9860.74,3.61
919,Campaign-06cdac54,2021-01-03,2021-03-10,Social Media,Young Adults,2585.98,4463.27,1.74
920,Campaign-aee8bbec,2020-07-05,2020-07-10,Social Media,Families,9236.87,5323.90,0.99
921,Campaign-5dca3dd9,2022-03-28,2022-05-02,Email,Young Adults,8079.77,1383.24,0.66
922,Campaign-a2ee0a6c,2022-08-30,2022-11-10,Print,Seniors,6186.18,5262.83,4.73
923,Campaign-92f9433e,2020-02-27,2020-05-19,TV,Families,5866.20,9103.52,2.24
924,Campaign-6054303a,2018-12-01,2019-02-18,Email,Seniors,3228.86,2286.52,2.89
925,Campaign-284b0974,2019-01-05,2019-01-31,Social Media,Seniors,6193.88,8380.13,4.88
926,Campaign-f857f60f,2020-01-19,2020-04-06,Print,Seniors,3302.63,3431.47,1.30
927,Campaign-05731f41,2020-09-03,2020-09-04,Print,Seniors,4655.73,1507.91,0.18
928,Campaign-f6a12d39,2020-04-17,2020-07-11,Print,Young Adults,6407.70,3268.61,3.80
929,Campaign-dfc8bdf2,2020-03-17,2020-04-06,Social Media,Young Adults,2999.64,7149.88,3.51
930,Campaign-c128d643,2021-08-17,2021-11-04,Print,Seniors,4193.44,6793.65,4.87
931,Campaign-b7d0bab3,2019-04-08,2019-05-03,Print,Young Adults,10220.12,1670.33,3.26
932,Campaign-ec27f789,2021-06-18,2021-07-14,TV,Young Adults,1741.15,10227.82,0.91
933,Campaign-f05e29f5,2021-06-11,2021-08-06,TV,Families,7178.24,1993.61,4.31
934,Campaign-6ca4f918,2019-07-23,2019-09-26,Email,Families,3517.46,1121.54,4.86
935,Campaign-2a876601,2019-10-01,2019-12-15,Email,Families,5053.75,1429.06,2.97
936,Campaign-262784bd,2019-12-18,2019-12-27,Email,Young Adults,7924.06,6388.44,1.81
937,Campaign-83380d4f,2018-12-23,2019-01-26,Print,Seniors,1923.34,2038.75,1.39
938,Campaign-cb0d9672,2022-01-02,2022-03-25,TV,Families,6056.38,1948.32,4.59
939,Campaign-be5a38ce,2018-11-11,2018-11-27,Print,Seniors,1382.64,4481.66,2.99
940,Campaign-fcac2558,2022-08-03,2022-08-06,Print,Seniors,3348.93,10837.08,3.42
941,Campaign-5aca7ba8,2021-06-10,2021-07-11,Print,Families,6971.84,9008.71,3.54
942,Campaign-065614b5,2021-08-29,2021-10-11,Print,Families,1579.28,6314.99,3.62
943,Campaign-9cdd2c83,2018-10-14,2018-11-16,Email,Young Adults,7970.12,9781.42,4.18
944,Campaign-320d2539,2019-06-23,2019-06-28,Social Media,Families,4997.79,9907.08,2.42
945,Campaign-ae648af9,2020-01-29,2020-02-10,Social Media,Families,2825.07,4137.28,3.74
946,Campaign-0170b2b0,2020-05-23,2020-07-20,Social Media,Young Adults,10249.47,7019.92,3.60
947,Campaign-0f9320ab,2022-07-10,2022-08-11,Social Media,Young Adults,10818.06,4065.48,2.22
948,Campaign-6f64313d,2019-09-12,2019-11-13,TV,Seniors,8343.25,8304.04,4.50
949,Campaign-6a756291,2020-08-05,2020-10-20,Email,Young Adults,3181.51,5271.42,3.24
950,Campaign-d61c4879,2020-03-31,2020-05-21,TV,Young Adults,2361.71,6670.92,1.43
951,Campaign-39b13ac9,2022-01-17,2022-02-20,Social Media,Seniors,10532.94,4226.52,4.84
952,Campaign-ce0ca0d2,2022-07-10,2022-08-25,Social Media,Families,6172.75,6881.97,1.33
953,Campaign-50675e2c,2020-06-07,2020-08-08,Email,Families,1230.81,7269.41,0.35
954,Campaign-0839b51f,2019-07-19,2019-10-14,TV,Families,9337.74,7182.98,4.80
955,Campaign-c3d3545e,2019-02-09,2019-04-19,TV,Young Adults,5793.80,3298.78,2.81
956,Campaign-dd4e283c,2020-10-06,2020-10-11,TV,Seniors,3151.21,8106.28,1.66
957,Campaign-8dd95c42,2019-09-30,2019-11-23,Social Media,Families,10780.81,8154.30,1.87
958,Campaign-8e1d3d3f,2019-09-23,2019-12-01,TV,Families,8928.41,5591.37,2.33
959,Campaign-c968dd6b,2019-07-30,2019-09-20,Social Media,Young Adults,6958.36,7087.41,3.36
960,Campaign-12566b77,2020-08-12,2020-08-18,TV,Young Adults,2771.31,1406.13,2.47
961,Campaign-acd7ac76,2019-04-20,2019-06-16,TV,Families,3393.61,3024.48,3.86
962,Campaign-238beca9,2019-09-02,2019-10-17,Social Media,Families,1310.14,3306.79,3.36
963,Campaign-1cf984c9,2022-02-08,2022-02-24,Print,Young Adults,1738.02,6291.85,2.41
964,Campaign-8f488528,2019-07-08,2019-09-23,Social Media,Young Adults,8024.89,1441.81,3.92
965,Campaign-f8d017ff,2021-06-16,2021-08-12,Email,Families,5451.07,3584.46,3.29
966,Campaign-f14a20af,2019-12-08,2020-02-16,TV,Seniors,6213.49,4173.51,3.15
967,Campaign-549223bc,2018-12-02,2019-02-08,TV,Families,6360.20,3006.66,3.82
968,Campaign-90883b57,2022-04-07,2022-04-16,TV,Families,6807.22,2164.59,4.20
969,Campaign-feaab67a,2021-08-14,2021-09-12,Email,Families,9899.01,7133.33,4.45
970,Campaign-618e773d,2020-05-29,2020-08-19,Print,Young Adults,9115.08,1689.20,3.04
971,Campaign-fcdf4a42,2020-04-20,2020-05-01,TV,Young Adults,4951.95,2651.85,2.60
972,Campaign-ea0819fd,2020-11-09,2020-12-23,TV,Young Adults,3553.22,4154.29,1.23
973,Campaign-edc3481c,2019-10-07,2019-12-02,Email,Families,8630.68,7499.20,0.12
974,Campaign-5dff04fb,2019-02-11,2019-03-02,Email,Seniors,10689.64,10956.35,0.42
975,Campaign-fda5f55b,2020-03-07,2020-04-06,Email,Seniors,4083.40,1330.46,4.47
976,Campaign-75ac4d61,2020-10-15,2020-12-20,Social Media,Young Adults,9920.93,7338.98,2.27
977,Campaign-32e1bc55,2018-09-09,2018-11-25,Social Media,Seniors,10251.71,1148.10,0.10
978,Campaign-5dbbf902,2020-11-11,2021-01-28,Email,Families,8140.14,7244.72,4.40
979,Campaign-cc91cac2,2022-07-05,2022-09-25,Social Media,Seniors,3323.42,6134.15,1.44
980,Campaign-8860fde0,2018-11-27,2019-02-24,Email,Young Adults,1730.88,2579.13,2.63
981,Campaign-1eda656c,2020-12-07,2021-01-11,TV,Young Adults,8942.86,8821.11,1.83
982,Campaign-52928a71,2019-05-06,2019-06-01,TV,Seniors,5398.89,4975.14,0.83
983,Campaign-5059d1be,2018-10-20,2018-11-24,Email,Young Adults,4903.67,9119.84,4.48
984,Campaign-d811738c,2022-03-26,2022-06-08,Print,Families,7669.39,3240.10,1.13
985,Campaign-ab8328ec,2018-12-20,2019-03-14,Social Media,Young Adults,1384.62,4351.75,1.02
986,Campaign-a3ac083d,2018-12-18,2019-02-11,Social Media,Young Adults,2386.03,1299.78,4.72
987,Campaign-9efbc519,2020-04-24,2020-05-09,TV,Seniors,2400.02,4162.48,0.12
988,Campaign-b4035d16,2022-02-25,2022-04-23,Print,Young Adults,6786.89,9430.92,1.50
989,Campaign-95497acb,2020-05-13,2020-06-02,Print,Families,5809.37,7793.06,0.37
990,Campaign-7d67b102,2019-12-28,2020-02-10,Print,Seniors,2018.74,2581.40,1.83
991,Campaign-95ebc456,2022-01-19,2022-04-20,Print,Families,6616.51,6972.46,4.24
992,Campaign-14d309a1,2018-09-14,2018-11-05,Social Media,Seniors,7193.72,6747.04,1.09
993,Campaign-83a74247,2022-07-14,2022-07-25,Email,Young Adults,6866.88,10175.08,0.66
994,Campaign-9b349c28,2019-11-29,2019-12-15,TV,Young Adults,2293.96,6726.80,3.67
995,Campaign-46ef4980,2022-08-26,2022-09-23,Print,Families,6959.76,6258.08,2.74
996,Campaign-86faff3b,2022-05-05,2022-05-24,Print,Seniors,1565.50,10182.32,0.45
997,Campaign-78d83c53,2022-06-05,2022-06-11,Social Media,Young Adults,6259.53,4030.52,1.31
998,Campaign-9a037757,2020-04-19,2020-06-12,Social Media,Young Adults,8949.27,2565.77,2.89
999,Campaign-6c9ce82e,2022-01-06,2022-03-01,Email,Young Adults,1819.90,10445.10,2.07
1000,Campaign-aba8513e,2021-06-07,2021-06-08,Email,Families,1724.28,9112.31,0.38
