date_id,full_date,day_of_week,day_name,day_of_month,day_of_year,week_of_year,month,month_name,quarter,year,is_weekend,is_holiday
20190103,2019-01-03,5,Thursday ,3,3,1,1,January  ,1,2019,f,f
20190104,2019-01-04,6,Friday   ,4,4,1,1,January  ,1,2019,f,f
20190105,2019-01-05,7,Saturday ,5,5,1,1,January  ,1,2019,t,f
20190106,2019-01-06,1,Sunday   ,6,6,1,1,January  ,1,2019,t,f
20190107,2019-01-07,2,Monday   ,7,7,2,1,January  ,1,2019,f,f
20190108,2019-01-08,3,Tuesday  ,8,8,2,1,January  ,1,2019,f,f
20190109,2019-01-09,4,Wednesday,9,9,2,1,January  ,1,2019,f,f
20190110,2019-01-10,5,Thursday ,10,10,2,1,January  ,1,2019,f,f
20190111,2019-01-11,6,Friday   ,11,11,2,1,January  ,1,2019,f,f
20190112,2019-01-12,7,Saturday ,12,12,2,1,January  ,1,2019,t,f
20190113,2019-01-13,1,Sunday   ,13,13,2,1,January  ,1,2019,t,f
20190114,2019-01-14,2,Monday   ,14,14,3,1,January  ,1,2019,f,f
20190115,2019-01-15,3,Tuesday  ,15,15,3,1,January  ,1,2019,f,f
20190116,2019-01-16,4,Wednesday,16,16,3,1,January  ,1,2019,f,f
20190117,2019-01-17,5,Thursday ,17,17,3,1,January  ,1,2019,f,f
20190118,2019-01-18,6,Friday   ,18,18,3,1,January  ,1,2019,f,f
20190119,2019-01-19,7,Saturday ,19,19,3,1,January  ,1,2019,t,f
20190120,2019-01-20,1,Sunday   ,20,20,3,1,January  ,1,2019,t,f
20190121,2019-01-21,2,Monday   ,21,21,4,1,January  ,1,2019,f,f
20190122,2019-01-22,3,Tuesday  ,22,22,4,1,January  ,1,2019,f,f
20190123,2019-01-23,4,Wednesday,23,23,4,1,January  ,1,2019,f,f
20190124,2019-01-24,5,Thursday ,24,24,4,1,January  ,1,2019,f,f
20190125,2019-01-25,6,Friday   ,25,25,4,1,January  ,1,2019,f,f
20190126,2019-01-26,7,Saturday ,26,26,4,1,January  ,1,2019,t,f
20190127,2019-01-27,1,Sunday   ,27,27,4,1,January  ,1,2019,t,f
20190128,2019-01-28,2,Monday   ,28,28,5,1,January  ,1,2019,f,f
20190129,2019-01-29,3,Tuesday  ,29,29,5,1,January  ,1,2019,f,f
20190130,2019-01-30,4,Wednesday,30,30,5,1,January  ,1,2019,f,f
20190131,2019-01-31,5,Thursday ,31,31,5,1,January  ,1,2019,f,f
20190201,2019-02-01,6,Friday   ,1,32,5,2,February ,1,2019,f,f
20190202,2019-02-02,7,Saturday ,2,33,5,2,February ,1,2019,t,f
20190203,2019-02-03,1,Sunday   ,3,34,5,2,February ,1,2019,t,f
20190204,2019-02-04,2,Monday   ,4,35,6,2,February ,1,2019,f,f
20190205,2019-02-05,3,Tuesday  ,5,36,6,2,February ,1,2019,f,f
20190206,2019-02-06,4,Wednesday,6,37,6,2,February ,1,2019,f,f
20190207,2019-02-07,5,Thursday ,7,38,6,2,February ,1,2019,f,f
20190208,2019-02-08,6,Friday   ,8,39,6,2,February ,1,2019,f,f
20190209,2019-02-09,7,Saturday ,9,40,6,2,February ,1,2019,t,f
20190210,2019-02-10,1,Sunday   ,10,41,6,2,February ,1,2019,t,f
20190211,2019-02-11,2,Monday   ,11,42,7,2,February ,1,2019,f,f
20190212,2019-02-12,3,Tuesday  ,12,43,7,2,February ,1,2019,f,f
20190213,2019-02-13,4,Wednesday,13,44,7,2,February ,1,2019,f,f
20190214,2019-02-14,5,Thursday ,14,45,7,2,February ,1,2019,f,f
20190215,2019-02-15,6,Friday   ,15,46,7,2,February ,1,2019,f,f
20190216,2019-02-16,7,Saturday ,16,47,7,2,February ,1,2019,t,f
20190217,2019-02-17,1,Sunday   ,17,48,7,2,February ,1,2019,t,f
20190218,2019-02-18,2,Monday   ,18,49,8,2,February ,1,2019,f,f
20190219,2019-02-19,3,Tuesday  ,19,50,8,2,February ,1,2019,f,f
20190220,2019-02-20,4,Wednesday,20,51,8,2,February ,1,2019,f,f
20190221,2019-02-21,5,Thursday ,21,52,8,2,February ,1,2019,f,f
20190222,2019-02-22,6,Friday   ,22,53,8,2,February ,1,2019,f,f
20190223,2019-02-23,7,Saturday ,23,54,8,2,February ,1,2019,t,f
20190224,2019-02-24,1,Sunday   ,24,55,8,2,February ,1,2019,t,f
20190225,2019-02-25,2,Monday   ,25,56,9,2,February ,1,2019,f,f
20190226,2019-02-26,3,Tuesday  ,26,57,9,2,February ,1,2019,f,f
20190227,2019-02-27,4,Wednesday,27,58,9,2,February ,1,2019,f,f
20190228,2019-02-28,5,Thursday ,28,59,9,2,February ,1,2019,f,f
20190301,2019-03-01,6,Friday   ,1,60,9,3,March    ,1,2019,f,f
20190302,2019-03-02,7,Saturday ,2,61,9,3,March    ,1,2019,t,f
20190303,2019-03-03,1,Sunday   ,3,62,9,3,March    ,1,2019,t,f
20190304,2019-03-04,2,Monday   ,4,63,10,3,March    ,1,2019,f,f
20190305,2019-03-05,3,Tuesday  ,5,64,10,3,March    ,1,2019,f,f
20190306,2019-03-06,4,Wednesday,6,65,10,3,March    ,1,2019,f,f
20190307,2019-03-07,5,Thursday ,7,66,10,3,March    ,1,2019,f,f
20190308,2019-03-08,6,Friday   ,8,67,10,3,March    ,1,2019,f,f
20190309,2019-03-09,7,Saturday ,9,68,10,3,March    ,1,2019,t,f
20190310,2019-03-10,1,Sunday   ,10,69,10,3,March    ,1,2019,t,f
20190311,2019-03-11,2,Monday   ,11,70,11,3,March    ,1,2019,f,f
20190312,2019-03-12,3,Tuesday  ,12,71,11,3,March    ,1,2019,f,f
20190313,2019-03-13,4,Wednesday,13,72,11,3,March    ,1,2019,f,f
20190314,2019-03-14,5,Thursday ,14,73,11,3,March    ,1,2019,f,f
20190315,2019-03-15,6,Friday   ,15,74,11,3,March    ,1,2019,f,f
20190316,2019-03-16,7,Saturday ,16,75,11,3,March    ,1,2019,t,f
20190317,2019-03-17,1,Sunday   ,17,76,11,3,March    ,1,2019,t,f
20190318,2019-03-18,2,Monday   ,18,77,12,3,March    ,1,2019,f,f
20190319,2019-03-19,3,Tuesday  ,19,78,12,3,March    ,1,2019,f,f
20190320,2019-03-20,4,Wednesday,20,79,12,3,March    ,1,2019,f,f
20190321,2019-03-21,5,Thursday ,21,80,12,3,March    ,1,2019,f,f
20190322,2019-03-22,6,Friday   ,22,81,12,3,March    ,1,2019,f,f
20190323,2019-03-23,7,Saturday ,23,82,12,3,March    ,1,2019,t,f
20190324,2019-03-24,1,Sunday   ,24,83,12,3,March    ,1,2019,t,f
20190325,2019-03-25,2,Monday   ,25,84,13,3,March    ,1,2019,f,f
20190326,2019-03-26,3,Tuesday  ,26,85,13,3,March    ,1,2019,f,f
20190327,2019-03-27,4,Wednesday,27,86,13,3,March    ,1,2019,f,f
20190328,2019-03-28,5,Thursday ,28,87,13,3,March    ,1,2019,f,f
20190329,2019-03-29,6,Friday   ,29,88,13,3,March    ,1,2019,f,f
20190330,2019-03-30,7,Saturday ,30,89,13,3,March    ,1,2019,t,f
20190331,2019-03-31,1,Sunday   ,31,90,13,3,March    ,1,2019,t,f
20190401,2019-04-01,2,Monday   ,1,91,14,4,April    ,2,2019,f,f
20190402,2019-04-02,3,Tuesday  ,2,92,14,4,April    ,2,2019,f,f
20190403,2019-04-03,4,Wednesday,3,93,14,4,April    ,2,2019,f,f
20190404,2019-04-04,5,Thursday ,4,94,14,4,April    ,2,2019,f,f
20190405,2019-04-05,6,Friday   ,5,95,14,4,April    ,2,2019,f,f
20190406,2019-04-06,7,Saturday ,6,96,14,4,April    ,2,2019,t,f
20190407,2019-04-07,1,Sunday   ,7,97,14,4,April    ,2,2019,t,f
20190408,2019-04-08,2,Monday   ,8,98,15,4,April    ,2,2019,f,f
20190409,2019-04-09,3,Tuesday  ,9,99,15,4,April    ,2,2019,f,f
20190410,2019-04-10,4,Wednesday,10,100,15,4,April    ,2,2019,f,f
20190411,2019-04-11,5,Thursday ,11,101,15,4,April    ,2,2019,f,f
20190412,2019-04-12,6,Friday   ,12,102,15,4,April    ,2,2019,f,f
20190413,2019-04-13,7,Saturday ,13,103,15,4,April    ,2,2019,t,f
20190414,2019-04-14,1,Sunday   ,14,104,15,4,April    ,2,2019,t,f
20190415,2019-04-15,2,Monday   ,15,105,16,4,April    ,2,2019,f,f
20190416,2019-04-16,3,Tuesday  ,16,106,16,4,April    ,2,2019,f,f
20190417,2019-04-17,4,Wednesday,17,107,16,4,April    ,2,2019,f,f
20190418,2019-04-18,5,Thursday ,18,108,16,4,April    ,2,2019,f,f
20190419,2019-04-19,6,Friday   ,19,109,16,4,April    ,2,2019,f,f
20190420,2019-04-20,7,Saturday ,20,110,16,4,April    ,2,2019,t,f
20190421,2019-04-21,1,Sunday   ,21,111,16,4,April    ,2,2019,t,f
20190422,2019-04-22,2,Monday   ,22,112,17,4,April    ,2,2019,f,f
20190423,2019-04-23,3,Tuesday  ,23,113,17,4,April    ,2,2019,f,f
20190424,2019-04-24,4,Wednesday,24,114,17,4,April    ,2,2019,f,f
20190425,2019-04-25,5,Thursday ,25,115,17,4,April    ,2,2019,f,f
20190426,2019-04-26,6,Friday   ,26,116,17,4,April    ,2,2019,f,f
20190427,2019-04-27,7,Saturday ,27,117,17,4,April    ,2,2019,t,f
20190428,2019-04-28,1,Sunday   ,28,118,17,4,April    ,2,2019,t,f
20190429,2019-04-29,2,Monday   ,29,119,18,4,April    ,2,2019,f,f
20190430,2019-04-30,3,Tuesday  ,30,120,18,4,April    ,2,2019,f,f
20190501,2019-05-01,4,Wednesday,1,121,18,5,May      ,2,2019,f,f
20190502,2019-05-02,5,Thursday ,2,122,18,5,May      ,2,2019,f,f
20190503,2019-05-03,6,Friday   ,3,123,18,5,May      ,2,2019,f,f
20190504,2019-05-04,7,Saturday ,4,124,18,5,May      ,2,2019,t,f
20190505,2019-05-05,1,Sunday   ,5,125,18,5,May      ,2,2019,t,f
20190506,2019-05-06,2,Monday   ,6,126,19,5,May      ,2,2019,f,f
20190507,2019-05-07,3,Tuesday  ,7,127,19,5,May      ,2,2019,f,f
20190508,2019-05-08,4,Wednesday,8,128,19,5,May      ,2,2019,f,f
20190509,2019-05-09,5,Thursday ,9,129,19,5,May      ,2,2019,f,f
20190510,2019-05-10,6,Friday   ,10,130,19,5,May      ,2,2019,f,f
20190511,2019-05-11,7,Saturday ,11,131,19,5,May      ,2,2019,t,f
20190512,2019-05-12,1,Sunday   ,12,132,19,5,May      ,2,2019,t,f
20190513,2019-05-13,2,Monday   ,13,133,20,5,May      ,2,2019,f,f
20190514,2019-05-14,3,Tuesday  ,14,134,20,5,May      ,2,2019,f,f
20190515,2019-05-15,4,Wednesday,15,135,20,5,May      ,2,2019,f,f
20190516,2019-05-16,5,Thursday ,16,136,20,5,May      ,2,2019,f,f
20190517,2019-05-17,6,Friday   ,17,137,20,5,May      ,2,2019,f,f
20190518,2019-05-18,7,Saturday ,18,138,20,5,May      ,2,2019,t,f
20190519,2019-05-19,1,Sunday   ,19,139,20,5,May      ,2,2019,t,f
20190520,2019-05-20,2,Monday   ,20,140,21,5,May      ,2,2019,f,f
20190521,2019-05-21,3,Tuesday  ,21,141,21,5,May      ,2,2019,f,f
20190522,2019-05-22,4,Wednesday,22,142,21,5,May      ,2,2019,f,f
20190523,2019-05-23,5,Thursday ,23,143,21,5,May      ,2,2019,f,f
20190524,2019-05-24,6,Friday   ,24,144,21,5,May      ,2,2019,f,f
20190525,2019-05-25,7,Saturday ,25,145,21,5,May      ,2,2019,t,f
20190526,2019-05-26,1,Sunday   ,26,146,21,5,May      ,2,2019,t,f
20190527,2019-05-27,2,Monday   ,27,147,22,5,May      ,2,2019,f,f
20190528,2019-05-28,3,Tuesday  ,28,148,22,5,May      ,2,2019,f,f
20190529,2019-05-29,4,Wednesday,29,149,22,5,May      ,2,2019,f,f
20190530,2019-05-30,5,Thursday ,30,150,22,5,May      ,2,2019,f,f
20190531,2019-05-31,6,Friday   ,31,151,22,5,May      ,2,2019,f,f
20190601,2019-06-01,7,Saturday ,1,152,22,6,June     ,2,2019,t,f
20190602,2019-06-02,1,Sunday   ,2,153,22,6,June     ,2,2019,t,f
20190603,2019-06-03,2,Monday   ,3,154,23,6,June     ,2,2019,f,f
20190604,2019-06-04,3,Tuesday  ,4,155,23,6,June     ,2,2019,f,f
20190605,2019-06-05,4,Wednesday,5,156,23,6,June     ,2,2019,f,f
20190606,2019-06-06,5,Thursday ,6,157,23,6,June     ,2,2019,f,f
20190607,2019-06-07,6,Friday   ,7,158,23,6,June     ,2,2019,f,f
20190608,2019-06-08,7,Saturday ,8,159,23,6,June     ,2,2019,t,f
20190609,2019-06-09,1,Sunday   ,9,160,23,6,June     ,2,2019,t,f
20190610,2019-06-10,2,Monday   ,10,161,24,6,June     ,2,2019,f,f
20190611,2019-06-11,3,Tuesday  ,11,162,24,6,June     ,2,2019,f,f
20190612,2019-06-12,4,Wednesday,12,163,24,6,June     ,2,2019,f,f
20190613,2019-06-13,5,Thursday ,13,164,24,6,June     ,2,2019,f,f
20190614,2019-06-14,6,Friday   ,14,165,24,6,June     ,2,2019,f,f
20190615,2019-06-15,7,Saturday ,15,166,24,6,June     ,2,2019,t,f
20190616,2019-06-16,1,Sunday   ,16,167,24,6,June     ,2,2019,t,f
20190617,2019-06-17,2,Monday   ,17,168,25,6,June     ,2,2019,f,f
20190618,2019-06-18,3,Tuesday  ,18,169,25,6,June     ,2,2019,f,f
20190619,2019-06-19,4,Wednesday,19,170,25,6,June     ,2,2019,f,f
20190620,2019-06-20,5,Thursday ,20,171,25,6,June     ,2,2019,f,f
20190621,2019-06-21,6,Friday   ,21,172,25,6,June     ,2,2019,f,f
20190622,2019-06-22,7,Saturday ,22,173,25,6,June     ,2,2019,t,f
20190623,2019-06-23,1,Sunday   ,23,174,25,6,June     ,2,2019,t,f
20190624,2019-06-24,2,Monday   ,24,175,26,6,June     ,2,2019,f,f
20190625,2019-06-25,3,Tuesday  ,25,176,26,6,June     ,2,2019,f,f
20190626,2019-06-26,4,Wednesday,26,177,26,6,June     ,2,2019,f,f
20190627,2019-06-27,5,Thursday ,27,178,26,6,June     ,2,2019,f,f
20190628,2019-06-28,6,Friday   ,28,179,26,6,June     ,2,2019,f,f
20190629,2019-06-29,7,Saturday ,29,180,26,6,June     ,2,2019,t,f
20190630,2019-06-30,1,Sunday   ,30,181,26,6,June     ,2,2019,t,f
20190701,2019-07-01,2,Monday   ,1,182,27,7,July     ,3,2019,f,f
20190702,2019-07-02,3,Tuesday  ,2,183,27,7,July     ,3,2019,f,f
20190703,2019-07-03,4,Wednesday,3,184,27,7,July     ,3,2019,f,f
20190704,2019-07-04,5,Thursday ,4,185,27,7,July     ,3,2019,f,f
20190705,2019-07-05,6,Friday   ,5,186,27,7,July     ,3,2019,f,f
20190706,2019-07-06,7,Saturday ,6,187,27,7,July     ,3,2019,t,f
20190707,2019-07-07,1,Sunday   ,7,188,27,7,July     ,3,2019,t,f
20190708,2019-07-08,2,Monday   ,8,189,28,7,July     ,3,2019,f,f
20190709,2019-07-09,3,Tuesday  ,9,190,28,7,July     ,3,2019,f,f
20190710,2019-07-10,4,Wednesday,10,191,28,7,July     ,3,2019,f,f
20190711,2019-07-11,5,Thursday ,11,192,28,7,July     ,3,2019,f,f
20190712,2019-07-12,6,Friday   ,12,193,28,7,July     ,3,2019,f,f
20190713,2019-07-13,7,Saturday ,13,194,28,7,July     ,3,2019,t,f
20190714,2019-07-14,1,Sunday   ,14,195,28,7,July     ,3,2019,t,f
20190715,2019-07-15,2,Monday   ,15,196,29,7,July     ,3,2019,f,f
20190716,2019-07-16,3,Tuesday  ,16,197,29,7,July     ,3,2019,f,f
20190717,2019-07-17,4,Wednesday,17,198,29,7,July     ,3,2019,f,f
20190718,2019-07-18,5,Thursday ,18,199,29,7,July     ,3,2019,f,f
20190719,2019-07-19,6,Friday   ,19,200,29,7,July     ,3,2019,f,f
20190720,2019-07-20,7,Saturday ,20,201,29,7,July     ,3,2019,t,f
20190721,2019-07-21,1,Sunday   ,21,202,29,7,July     ,3,2019,t,f
20190722,2019-07-22,2,Monday   ,22,203,30,7,July     ,3,2019,f,f
20190723,2019-07-23,3,Tuesday  ,23,204,30,7,July     ,3,2019,f,f
20190724,2019-07-24,4,Wednesday,24,205,30,7,July     ,3,2019,f,f
20190725,2019-07-25,5,Thursday ,25,206,30,7,July     ,3,2019,f,f
20190726,2019-07-26,6,Friday   ,26,207,30,7,July     ,3,2019,f,f
20190727,2019-07-27,7,Saturday ,27,208,30,7,July     ,3,2019,t,f
20190728,2019-07-28,1,Sunday   ,28,209,30,7,July     ,3,2019,t,f
20190729,2019-07-29,2,Monday   ,29,210,31,7,July     ,3,2019,f,f
20190730,2019-07-30,3,Tuesday  ,30,211,31,7,July     ,3,2019,f,f
20190731,2019-07-31,4,Wednesday,31,212,31,7,July     ,3,2019,f,f
20190801,2019-08-01,5,Thursday ,1,213,31,8,August   ,3,2019,f,f
20190802,2019-08-02,6,Friday   ,2,214,31,8,August   ,3,2019,f,f
20190803,2019-08-03,7,Saturday ,3,215,31,8,August   ,3,2019,t,f
20190804,2019-08-04,1,Sunday   ,4,216,31,8,August   ,3,2019,t,f
20190805,2019-08-05,2,Monday   ,5,217,32,8,August   ,3,2019,f,f
20190806,2019-08-06,3,Tuesday  ,6,218,32,8,August   ,3,2019,f,f
20190807,2019-08-07,4,Wednesday,7,219,32,8,August   ,3,2019,f,f
20190808,2019-08-08,5,Thursday ,8,220,32,8,August   ,3,2019,f,f
20190809,2019-08-09,6,Friday   ,9,221,32,8,August   ,3,2019,f,f
20190810,2019-08-10,7,Saturday ,10,222,32,8,August   ,3,2019,t,f
20190811,2019-08-11,1,Sunday   ,11,223,32,8,August   ,3,2019,t,f
20190812,2019-08-12,2,Monday   ,12,224,33,8,August   ,3,2019,f,f
20190813,2019-08-13,3,Tuesday  ,13,225,33,8,August   ,3,2019,f,f
20190814,2019-08-14,4,Wednesday,14,226,33,8,August   ,3,2019,f,f
20190815,2019-08-15,5,Thursday ,15,227,33,8,August   ,3,2019,f,f
20190816,2019-08-16,6,Friday   ,16,228,33,8,August   ,3,2019,f,f
20190817,2019-08-17,7,Saturday ,17,229,33,8,August   ,3,2019,t,f
20190818,2019-08-18,1,Sunday   ,18,230,33,8,August   ,3,2019,t,f
20190819,2019-08-19,2,Monday   ,19,231,34,8,August   ,3,2019,f,f
20190820,2019-08-20,3,Tuesday  ,20,232,34,8,August   ,3,2019,f,f
20190821,2019-08-21,4,Wednesday,21,233,34,8,August   ,3,2019,f,f
20190822,2019-08-22,5,Thursday ,22,234,34,8,August   ,3,2019,f,f
20190823,2019-08-23,6,Friday   ,23,235,34,8,August   ,3,2019,f,f
20190824,2019-08-24,7,Saturday ,24,236,34,8,August   ,3,2019,t,f
20190825,2019-08-25,1,Sunday   ,25,237,34,8,August   ,3,2019,t,f
20190826,2019-08-26,2,Monday   ,26,238,35,8,August   ,3,2019,f,f
20190827,2019-08-27,3,Tuesday  ,27,239,35,8,August   ,3,2019,f,f
20190828,2019-08-28,4,Wednesday,28,240,35,8,August   ,3,2019,f,f
20190829,2019-08-29,5,Thursday ,29,241,35,8,August   ,3,2019,f,f
20190830,2019-08-30,6,Friday   ,30,242,35,8,August   ,3,2019,f,f
20190831,2019-08-31,7,Saturday ,31,243,35,8,August   ,3,2019,t,f
20190901,2019-09-01,1,Sunday   ,1,244,35,9,September,3,2019,t,f
20190902,2019-09-02,2,Monday   ,2,245,36,9,September,3,2019,f,f
20190903,2019-09-03,3,Tuesday  ,3,246,36,9,September,3,2019,f,f
20190904,2019-09-04,4,Wednesday,4,247,36,9,September,3,2019,f,f
20190905,2019-09-05,5,Thursday ,5,248,36,9,September,3,2019,f,f
20190906,2019-09-06,6,Friday   ,6,249,36,9,September,3,2019,f,f
20190907,2019-09-07,7,Saturday ,7,250,36,9,September,3,2019,t,f
20190908,2019-09-08,1,Sunday   ,8,251,36,9,September,3,2019,t,f
20190909,2019-09-09,2,Monday   ,9,252,37,9,September,3,2019,f,f
20190910,2019-09-10,3,Tuesday  ,10,253,37,9,September,3,2019,f,f
20190911,2019-09-11,4,Wednesday,11,254,37,9,September,3,2019,f,f
20190912,2019-09-12,5,Thursday ,12,255,37,9,September,3,2019,f,f
20190913,2019-09-13,6,Friday   ,13,256,37,9,September,3,2019,f,f
20190914,2019-09-14,7,Saturday ,14,257,37,9,September,3,2019,t,f
20190915,2019-09-15,1,Sunday   ,15,258,37,9,September,3,2019,t,f
20190916,2019-09-16,2,Monday   ,16,259,38,9,September,3,2019,f,f
20190917,2019-09-17,3,Tuesday  ,17,260,38,9,September,3,2019,f,f
20190918,2019-09-18,4,Wednesday,18,261,38,9,September,3,2019,f,f
20190919,2019-09-19,5,Thursday ,19,262,38,9,September,3,2019,f,f
20190920,2019-09-20,6,Friday   ,20,263,38,9,September,3,2019,f,f
20190921,2019-09-21,7,Saturday ,21,264,38,9,September,3,2019,t,f
20190922,2019-09-22,1,Sunday   ,22,265,38,9,September,3,2019,t,f
20190923,2019-09-23,2,Monday   ,23,266,39,9,September,3,2019,f,f
20190924,2019-09-24,3,Tuesday  ,24,267,39,9,September,3,2019,f,f
20190925,2019-09-25,4,Wednesday,25,268,39,9,September,3,2019,f,f
20190926,2019-09-26,5,Thursday ,26,269,39,9,September,3,2019,f,f
20190927,2019-09-27,6,Friday   ,27,270,39,9,September,3,2019,f,f
20190928,2019-09-28,7,Saturday ,28,271,39,9,September,3,2019,t,f
20190929,2019-09-29,1,Sunday   ,29,272,39,9,September,3,2019,t,f
20190930,2019-09-30,2,Monday   ,30,273,40,9,September,3,2019,f,f
20191001,2019-10-01,3,Tuesday  ,1,274,40,10,October  ,4,2019,f,f
20191002,2019-10-02,4,Wednesday,2,275,40,10,October  ,4,2019,f,f
20191003,2019-10-03,5,Thursday ,3,276,40,10,October  ,4,2019,f,f
20191004,2019-10-04,6,Friday   ,4,277,40,10,October  ,4,2019,f,f
20191005,2019-10-05,7,Saturday ,5,278,40,10,October  ,4,2019,t,f
20191006,2019-10-06,1,Sunday   ,6,279,40,10,October  ,4,2019,t,f
20191007,2019-10-07,2,Monday   ,7,280,41,10,October  ,4,2019,f,f
20191008,2019-10-08,3,Tuesday  ,8,281,41,10,October  ,4,2019,f,f
20191009,2019-10-09,4,Wednesday,9,282,41,10,October  ,4,2019,f,f
20191010,2019-10-10,5,Thursday ,10,283,41,10,October  ,4,2019,f,f
20191011,2019-10-11,6,Friday   ,11,284,41,10,October  ,4,2019,f,f
20191012,2019-10-12,7,Saturday ,12,285,41,10,October  ,4,2019,t,f
20191013,2019-10-13,1,Sunday   ,13,286,41,10,October  ,4,2019,t,f
20191014,2019-10-14,2,Monday   ,14,287,42,10,October  ,4,2019,f,f
20191015,2019-10-15,3,Tuesday  ,15,288,42,10,October  ,4,2019,f,f
20191016,2019-10-16,4,Wednesday,16,289,42,10,October  ,4,2019,f,f
20191017,2019-10-17,5,Thursday ,17,290,42,10,October  ,4,2019,f,f
20191018,2019-10-18,6,Friday   ,18,291,42,10,October  ,4,2019,f,f
20191019,2019-10-19,7,Saturday ,19,292,42,10,October  ,4,2019,t,f
20191020,2019-10-20,1,Sunday   ,20,293,42,10,October  ,4,2019,t,f
20191021,2019-10-21,2,Monday   ,21,294,43,10,October  ,4,2019,f,f
20191022,2019-10-22,3,Tuesday  ,22,295,43,10,October  ,4,2019,f,f
20191023,2019-10-23,4,Wednesday,23,296,43,10,October  ,4,2019,f,f
20191024,2019-10-24,5,Thursday ,24,297,43,10,October  ,4,2019,f,f
20191025,2019-10-25,6,Friday   ,25,298,43,10,October  ,4,2019,f,f
20191026,2019-10-26,7,Saturday ,26,299,43,10,October  ,4,2019,t,f
20191027,2019-10-27,1,Sunday   ,27,300,43,10,October  ,4,2019,t,f
20191028,2019-10-28,2,Monday   ,28,301,44,10,October  ,4,2019,f,f
20191029,2019-10-29,3,Tuesday  ,29,302,44,10,October  ,4,2019,f,f
20191030,2019-10-30,4,Wednesday,30,303,44,10,October  ,4,2019,f,f
20191031,2019-10-31,5,Thursday ,31,304,44,10,October  ,4,2019,f,f
20191101,2019-11-01,6,Friday   ,1,305,44,11,November ,4,2019,f,f
20191102,2019-11-02,7,Saturday ,2,306,44,11,November ,4,2019,t,f
20191103,2019-11-03,1,Sunday   ,3,307,44,11,November ,4,2019,t,f
20191104,2019-11-04,2,Monday   ,4,308,45,11,November ,4,2019,f,f
20191105,2019-11-05,3,Tuesday  ,5,309,45,11,November ,4,2019,f,f
20191106,2019-11-06,4,Wednesday,6,310,45,11,November ,4,2019,f,f
20191107,2019-11-07,5,Thursday ,7,311,45,11,November ,4,2019,f,f
20191108,2019-11-08,6,Friday   ,8,312,45,11,November ,4,2019,f,f
20191109,2019-11-09,7,Saturday ,9,313,45,11,November ,4,2019,t,f
20191110,2019-11-10,1,Sunday   ,10,314,45,11,November ,4,2019,t,f
20191111,2019-11-11,2,Monday   ,11,315,46,11,November ,4,2019,f,f
20191112,2019-11-12,3,Tuesday  ,12,316,46,11,November ,4,2019,f,f
20191113,2019-11-13,4,Wednesday,13,317,46,11,November ,4,2019,f,f
20191114,2019-11-14,5,Thursday ,14,318,46,11,November ,4,2019,f,f
20191115,2019-11-15,6,Friday   ,15,319,46,11,November ,4,2019,f,f
20191116,2019-11-16,7,Saturday ,16,320,46,11,November ,4,2019,t,f
20191117,2019-11-17,1,Sunday   ,17,321,46,11,November ,4,2019,t,f
20191118,2019-11-18,2,Monday   ,18,322,47,11,November ,4,2019,f,f
20191119,2019-11-19,3,Tuesday  ,19,323,47,11,November ,4,2019,f,f
20191120,2019-11-20,4,Wednesday,20,324,47,11,November ,4,2019,f,f
20191121,2019-11-21,5,Thursday ,21,325,47,11,November ,4,2019,f,f
20191122,2019-11-22,6,Friday   ,22,326,47,11,November ,4,2019,f,f
20191123,2019-11-23,7,Saturday ,23,327,47,11,November ,4,2019,t,f
20191124,2019-11-24,1,Sunday   ,24,328,47,11,November ,4,2019,t,f
20191125,2019-11-25,2,Monday   ,25,329,48,11,November ,4,2019,f,f
20191126,2019-11-26,3,Tuesday  ,26,330,48,11,November ,4,2019,f,f
20191127,2019-11-27,4,Wednesday,27,331,48,11,November ,4,2019,f,f
20191128,2019-11-28,5,Thursday ,28,332,48,11,November ,4,2019,f,f
20191129,2019-11-29,6,Friday   ,29,333,48,11,November ,4,2019,f,f
20191130,2019-11-30,7,Saturday ,30,334,48,11,November ,4,2019,t,f
20191201,2019-12-01,1,Sunday   ,1,335,48,12,December ,4,2019,t,f
20191202,2019-12-02,2,Monday   ,2,336,49,12,December ,4,2019,f,f
20191203,2019-12-03,3,Tuesday  ,3,337,49,12,December ,4,2019,f,f
20191204,2019-12-04,4,Wednesday,4,338,49,12,December ,4,2019,f,f
20191205,2019-12-05,5,Thursday ,5,339,49,12,December ,4,2019,f,f
20191206,2019-12-06,6,Friday   ,6,340,49,12,December ,4,2019,f,f
20191207,2019-12-07,7,Saturday ,7,341,49,12,December ,4,2019,t,f
20191208,2019-12-08,1,Sunday   ,8,342,49,12,December ,4,2019,t,f
20191209,2019-12-09,2,Monday   ,9,343,50,12,December ,4,2019,f,f
20191210,2019-12-10,3,Tuesday  ,10,344,50,12,December ,4,2019,f,f
20191211,2019-12-11,4,Wednesday,11,345,50,12,December ,4,2019,f,f
20191212,2019-12-12,5,Thursday ,12,346,50,12,December ,4,2019,f,f
20191213,2019-12-13,6,Friday   ,13,347,50,12,December ,4,2019,f,f
20191214,2019-12-14,7,Saturday ,14,348,50,12,December ,4,2019,t,f
20191215,2019-12-15,1,Sunday   ,15,349,50,12,December ,4,2019,t,f
20191216,2019-12-16,2,Monday   ,16,350,51,12,December ,4,2019,f,f
20191217,2019-12-17,3,Tuesday  ,17,351,51,12,December ,4,2019,f,f
20191218,2019-12-18,4,Wednesday,18,352,51,12,December ,4,2019,f,f
20191219,2019-12-19,5,Thursday ,19,353,51,12,December ,4,2019,f,f
20191220,2019-12-20,6,Friday   ,20,354,51,12,December ,4,2019,f,f
20191221,2019-12-21,7,Saturday ,21,355,51,12,December ,4,2019,t,f
20191222,2019-12-22,1,Sunday   ,22,356,51,12,December ,4,2019,t,f
20191223,2019-12-23,2,Monday   ,23,357,52,12,December ,4,2019,f,f
20191224,2019-12-24,3,Tuesday  ,24,358,52,12,December ,4,2019,f,f
20191225,2019-12-25,4,Wednesday,25,359,52,12,December ,4,2019,f,f
20191226,2019-12-26,5,Thursday ,26,360,52,12,December ,4,2019,f,f
20191227,2019-12-27,6,Friday   ,27,361,52,12,December ,4,2019,f,f
20191228,2019-12-28,7,Saturday ,28,362,52,12,December ,4,2019,t,f
20191229,2019-12-29,1,Sunday   ,29,363,52,12,December ,4,2019,t,f
20191230,2019-12-30,2,Monday   ,30,364,1,12,December ,4,2019,f,f
20191231,2019-12-31,3,Tuesday  ,31,365,1,12,December ,4,2019,f,f
20200101,2020-01-01,4,Wednesday,1,1,1,1,January  ,1,2020,f,f
20200102,2020-01-02,5,Thursday ,2,2,1,1,January  ,1,2020,f,f
20200103,2020-01-03,6,Friday   ,3,3,1,1,January  ,1,2020,f,f
20200104,2020-01-04,7,Saturday ,4,4,1,1,January  ,1,2020,t,f
20200105,2020-01-05,1,Sunday   ,5,5,1,1,January  ,1,2020,t,f
20200106,2020-01-06,2,Monday   ,6,6,2,1,January  ,1,2020,f,f
20200107,2020-01-07,3,Tuesday  ,7,7,2,1,January  ,1,2020,f,f
20200108,2020-01-08,4,Wednesday,8,8,2,1,January  ,1,2020,f,f
20200109,2020-01-09,5,Thursday ,9,9,2,1,January  ,1,2020,f,f
20200110,2020-01-10,6,Friday   ,10,10,2,1,January  ,1,2020,f,f
20200111,2020-01-11,7,Saturday ,11,11,2,1,January  ,1,2020,t,f
20200112,2020-01-12,1,Sunday   ,12,12,2,1,January  ,1,2020,t,f
20200113,2020-01-13,2,Monday   ,13,13,3,1,January  ,1,2020,f,f
20200114,2020-01-14,3,Tuesday  ,14,14,3,1,January  ,1,2020,f,f
20200115,2020-01-15,4,Wednesday,15,15,3,1,January  ,1,2020,f,f
20200116,2020-01-16,5,Thursday ,16,16,3,1,January  ,1,2020,f,f
20200117,2020-01-17,6,Friday   ,17,17,3,1,January  ,1,2020,f,f
20200118,2020-01-18,7,Saturday ,18,18,3,1,January  ,1,2020,t,f
20200119,2020-01-19,1,Sunday   ,19,19,3,1,January  ,1,2020,t,f
20200120,2020-01-20,2,Monday   ,20,20,4,1,January  ,1,2020,f,f
20200121,2020-01-21,3,Tuesday  ,21,21,4,1,January  ,1,2020,f,f
20200122,2020-01-22,4,Wednesday,22,22,4,1,January  ,1,2020,f,f
20200123,2020-01-23,5,Thursday ,23,23,4,1,January  ,1,2020,f,f
20200124,2020-01-24,6,Friday   ,24,24,4,1,January  ,1,2020,f,f
20200125,2020-01-25,7,Saturday ,25,25,4,1,January  ,1,2020,t,f
20200126,2020-01-26,1,Sunday   ,26,26,4,1,January  ,1,2020,t,f
20200127,2020-01-27,2,Monday   ,27,27,5,1,January  ,1,2020,f,f
20200128,2020-01-28,3,Tuesday  ,28,28,5,1,January  ,1,2020,f,f
20200129,2020-01-29,4,Wednesday,29,29,5,1,January  ,1,2020,f,f
20200130,2020-01-30,5,Thursday ,30,30,5,1,January  ,1,2020,f,f
20200131,2020-01-31,6,Friday   ,31,31,5,1,January  ,1,2020,f,f
20200201,2020-02-01,7,Saturday ,1,32,5,2,February ,1,2020,t,f
20200202,2020-02-02,1,Sunday   ,2,33,5,2,February ,1,2020,t,f
20200203,2020-02-03,2,Monday   ,3,34,6,2,February ,1,2020,f,f
20200204,2020-02-04,3,Tuesday  ,4,35,6,2,February ,1,2020,f,f
20200205,2020-02-05,4,Wednesday,5,36,6,2,February ,1,2020,f,f
20200206,2020-02-06,5,Thursday ,6,37,6,2,February ,1,2020,f,f
20200207,2020-02-07,6,Friday   ,7,38,6,2,February ,1,2020,f,f
20200208,2020-02-08,7,Saturday ,8,39,6,2,February ,1,2020,t,f
20200209,2020-02-09,1,Sunday   ,9,40,6,2,February ,1,2020,t,f
20200210,2020-02-10,2,Monday   ,10,41,7,2,February ,1,2020,f,f
20200211,2020-02-11,3,Tuesday  ,11,42,7,2,February ,1,2020,f,f
20200212,2020-02-12,4,Wednesday,12,43,7,2,February ,1,2020,f,f
20200213,2020-02-13,5,Thursday ,13,44,7,2,February ,1,2020,f,f
20200214,2020-02-14,6,Friday   ,14,45,7,2,February ,1,2020,f,f
20200215,2020-02-15,7,Saturday ,15,46,7,2,February ,1,2020,t,f
20200216,2020-02-16,1,Sunday   ,16,47,7,2,February ,1,2020,t,f
20200217,2020-02-17,2,Monday   ,17,48,8,2,February ,1,2020,f,f
20200218,2020-02-18,3,Tuesday  ,18,49,8,2,February ,1,2020,f,f
20200219,2020-02-19,4,Wednesday,19,50,8,2,February ,1,2020,f,f
20200220,2020-02-20,5,Thursday ,20,51,8,2,February ,1,2020,f,f
20200221,2020-02-21,6,Friday   ,21,52,8,2,February ,1,2020,f,f
20200222,2020-02-22,7,Saturday ,22,53,8,2,February ,1,2020,t,f
20200223,2020-02-23,1,Sunday   ,23,54,8,2,February ,1,2020,t,f
20200224,2020-02-24,2,Monday   ,24,55,9,2,February ,1,2020,f,f
20200225,2020-02-25,3,Tuesday  ,25,56,9,2,February ,1,2020,f,f
20200226,2020-02-26,4,Wednesday,26,57,9,2,February ,1,2020,f,f
20200227,2020-02-27,5,Thursday ,27,58,9,2,February ,1,2020,f,f
20200228,2020-02-28,6,Friday   ,28,59,9,2,February ,1,2020,f,f
20200229,2020-02-29,7,Saturday ,29,60,9,2,February ,1,2020,t,f
20200301,2020-03-01,1,Sunday   ,1,61,9,3,March    ,1,2020,t,f
20200302,2020-03-02,2,Monday   ,2,62,10,3,March    ,1,2020,f,f
20200303,2020-03-03,3,Tuesday  ,3,63,10,3,March    ,1,2020,f,f
20200304,2020-03-04,4,Wednesday,4,64,10,3,March    ,1,2020,f,f
20200305,2020-03-05,5,Thursday ,5,65,10,3,March    ,1,2020,f,f
20200306,2020-03-06,6,Friday   ,6,66,10,3,March    ,1,2020,f,f
20200307,2020-03-07,7,Saturday ,7,67,10,3,March    ,1,2020,t,f
20200308,2020-03-08,1,Sunday   ,8,68,10,3,March    ,1,2020,t,f
20200309,2020-03-09,2,Monday   ,9,69,11,3,March    ,1,2020,f,f
20200310,2020-03-10,3,Tuesday  ,10,70,11,3,March    ,1,2020,f,f
20200311,2020-03-11,4,Wednesday,11,71,11,3,March    ,1,2020,f,f
20200312,2020-03-12,5,Thursday ,12,72,11,3,March    ,1,2020,f,f
20200313,2020-03-13,6,Friday   ,13,73,11,3,March    ,1,2020,f,f
20200314,2020-03-14,7,Saturday ,14,74,11,3,March    ,1,2020,t,f
20200315,2020-03-15,1,Sunday   ,15,75,11,3,March    ,1,2020,t,f
20200316,2020-03-16,2,Monday   ,16,76,12,3,March    ,1,2020,f,f
20200317,2020-03-17,3,Tuesday  ,17,77,12,3,March    ,1,2020,f,f
20200318,2020-03-18,4,Wednesday,18,78,12,3,March    ,1,2020,f,f
20200319,2020-03-19,5,Thursday ,19,79,12,3,March    ,1,2020,f,f
20200320,2020-03-20,6,Friday   ,20,80,12,3,March    ,1,2020,f,f
20200321,2020-03-21,7,Saturday ,21,81,12,3,March    ,1,2020,t,f
20200322,2020-03-22,1,Sunday   ,22,82,12,3,March    ,1,2020,t,f
20200323,2020-03-23,2,Monday   ,23,83,13,3,March    ,1,2020,f,f
20200324,2020-03-24,3,Tuesday  ,24,84,13,3,March    ,1,2020,f,f
20200325,2020-03-25,4,Wednesday,25,85,13,3,March    ,1,2020,f,f
20200326,2020-03-26,5,Thursday ,26,86,13,3,March    ,1,2020,f,f
20200327,2020-03-27,6,Friday   ,27,87,13,3,March    ,1,2020,f,f
20200328,2020-03-28,7,Saturday ,28,88,13,3,March    ,1,2020,t,f
20200329,2020-03-29,1,Sunday   ,29,89,13,3,March    ,1,2020,t,f
20200330,2020-03-30,2,Monday   ,30,90,14,3,March    ,1,2020,f,f
20200331,2020-03-31,3,Tuesday  ,31,91,14,3,March    ,1,2020,f,f
20200401,2020-04-01,4,Wednesday,1,92,14,4,April    ,2,2020,f,f
20200402,2020-04-02,5,Thursday ,2,93,14,4,April    ,2,2020,f,f
20200403,2020-04-03,6,Friday   ,3,94,14,4,April    ,2,2020,f,f
20200404,2020-04-04,7,Saturday ,4,95,14,4,April    ,2,2020,t,f
20200405,2020-04-05,1,Sunday   ,5,96,14,4,April    ,2,2020,t,f
20200406,2020-04-06,2,Monday   ,6,97,15,4,April    ,2,2020,f,f
20200407,2020-04-07,3,Tuesday  ,7,98,15,4,April    ,2,2020,f,f
20200408,2020-04-08,4,Wednesday,8,99,15,4,April    ,2,2020,f,f
20200409,2020-04-09,5,Thursday ,9,100,15,4,April    ,2,2020,f,f
20200410,2020-04-10,6,Friday   ,10,101,15,4,April    ,2,2020,f,f
20200411,2020-04-11,7,Saturday ,11,102,15,4,April    ,2,2020,t,f
20200412,2020-04-12,1,Sunday   ,12,103,15,4,April    ,2,2020,t,f
20200413,2020-04-13,2,Monday   ,13,104,16,4,April    ,2,2020,f,f
20200414,2020-04-14,3,Tuesday  ,14,105,16,4,April    ,2,2020,f,f
20200415,2020-04-15,4,Wednesday,15,106,16,4,April    ,2,2020,f,f
20200416,2020-04-16,5,Thursday ,16,107,16,4,April    ,2,2020,f,f
20200417,2020-04-17,6,Friday   ,17,108,16,4,April    ,2,2020,f,f
20200418,2020-04-18,7,Saturday ,18,109,16,4,April    ,2,2020,t,f
20200419,2020-04-19,1,Sunday   ,19,110,16,4,April    ,2,2020,t,f
20200420,2020-04-20,2,Monday   ,20,111,17,4,April    ,2,2020,f,f
20200421,2020-04-21,3,Tuesday  ,21,112,17,4,April    ,2,2020,f,f
20200422,2020-04-22,4,Wednesday,22,113,17,4,April    ,2,2020,f,f
20200423,2020-04-23,5,Thursday ,23,114,17,4,April    ,2,2020,f,f
20200424,2020-04-24,6,Friday   ,24,115,17,4,April    ,2,2020,f,f
20200425,2020-04-25,7,Saturday ,25,116,17,4,April    ,2,2020,t,f
20200426,2020-04-26,1,Sunday   ,26,117,17,4,April    ,2,2020,t,f
20200427,2020-04-27,2,Monday   ,27,118,18,4,April    ,2,2020,f,f
20200428,2020-04-28,3,Tuesday  ,28,119,18,4,April    ,2,2020,f,f
20200429,2020-04-29,4,Wednesday,29,120,18,4,April    ,2,2020,f,f
20200430,2020-04-30,5,Thursday ,30,121,18,4,April    ,2,2020,f,f
20200501,2020-05-01,6,Friday   ,1,122,18,5,May      ,2,2020,f,f
20200502,2020-05-02,7,Saturday ,2,123,18,5,May      ,2,2020,t,f
20200503,2020-05-03,1,Sunday   ,3,124,18,5,May      ,2,2020,t,f
20200504,2020-05-04,2,Monday   ,4,125,19,5,May      ,2,2020,f,f
20200505,2020-05-05,3,Tuesday  ,5,126,19,5,May      ,2,2020,f,f
20200506,2020-05-06,4,Wednesday,6,127,19,5,May      ,2,2020,f,f
20200507,2020-05-07,5,Thursday ,7,128,19,5,May      ,2,2020,f,f
20200508,2020-05-08,6,Friday   ,8,129,19,5,May      ,2,2020,f,f
20200509,2020-05-09,7,Saturday ,9,130,19,5,May      ,2,2020,t,f
20200510,2020-05-10,1,Sunday   ,10,131,19,5,May      ,2,2020,t,f
20200511,2020-05-11,2,Monday   ,11,132,20,5,May      ,2,2020,f,f
20200512,2020-05-12,3,Tuesday  ,12,133,20,5,May      ,2,2020,f,f
20200513,2020-05-13,4,Wednesday,13,134,20,5,May      ,2,2020,f,f
20200514,2020-05-14,5,Thursday ,14,135,20,5,May      ,2,2020,f,f
20200515,2020-05-15,6,Friday   ,15,136,20,5,May      ,2,2020,f,f
20200516,2020-05-16,7,Saturday ,16,137,20,5,May      ,2,2020,t,f
20200517,2020-05-17,1,Sunday   ,17,138,20,5,May      ,2,2020,t,f
20200518,2020-05-18,2,Monday   ,18,139,21,5,May      ,2,2020,f,f
20200519,2020-05-19,3,Tuesday  ,19,140,21,5,May      ,2,2020,f,f
20200520,2020-05-20,4,Wednesday,20,141,21,5,May      ,2,2020,f,f
20200521,2020-05-21,5,Thursday ,21,142,21,5,May      ,2,2020,f,f
20200522,2020-05-22,6,Friday   ,22,143,21,5,May      ,2,2020,f,f
20200523,2020-05-23,7,Saturday ,23,144,21,5,May      ,2,2020,t,f
20200524,2020-05-24,1,Sunday   ,24,145,21,5,May      ,2,2020,t,f
20200525,2020-05-25,2,Monday   ,25,146,22,5,May      ,2,2020,f,f
20200526,2020-05-26,3,Tuesday  ,26,147,22,5,May      ,2,2020,f,f
20200527,2020-05-27,4,Wednesday,27,148,22,5,May      ,2,2020,f,f
20200528,2020-05-28,5,Thursday ,28,149,22,5,May      ,2,2020,f,f
20200529,2020-05-29,6,Friday   ,29,150,22,5,May      ,2,2020,f,f
20200530,2020-05-30,7,Saturday ,30,151,22,5,May      ,2,2020,t,f
20200531,2020-05-31,1,Sunday   ,31,152,22,5,May      ,2,2020,t,f
20200601,2020-06-01,2,Monday   ,1,153,23,6,June     ,2,2020,f,f
20200602,2020-06-02,3,Tuesday  ,2,154,23,6,June     ,2,2020,f,f
20200603,2020-06-03,4,Wednesday,3,155,23,6,June     ,2,2020,f,f
20200604,2020-06-04,5,Thursday ,4,156,23,6,June     ,2,2020,f,f
20200605,2020-06-05,6,Friday   ,5,157,23,6,June     ,2,2020,f,f
20200606,2020-06-06,7,Saturday ,6,158,23,6,June     ,2,2020,t,f
20200607,2020-06-07,1,Sunday   ,7,159,23,6,June     ,2,2020,t,f
20200608,2020-06-08,2,Monday   ,8,160,24,6,June     ,2,2020,f,f
20200609,2020-06-09,3,Tuesday  ,9,161,24,6,June     ,2,2020,f,f
20200610,2020-06-10,4,Wednesday,10,162,24,6,June     ,2,2020,f,f
20200611,2020-06-11,5,Thursday ,11,163,24,6,June     ,2,2020,f,f
20200612,2020-06-12,6,Friday   ,12,164,24,6,June     ,2,2020,f,f
20200613,2020-06-13,7,Saturday ,13,165,24,6,June     ,2,2020,t,f
20200614,2020-06-14,1,Sunday   ,14,166,24,6,June     ,2,2020,t,f
20200615,2020-06-15,2,Monday   ,15,167,25,6,June     ,2,2020,f,f
20200616,2020-06-16,3,Tuesday  ,16,168,25,6,June     ,2,2020,f,f
20200617,2020-06-17,4,Wednesday,17,169,25,6,June     ,2,2020,f,f
20200618,2020-06-18,5,Thursday ,18,170,25,6,June     ,2,2020,f,f
20200619,2020-06-19,6,Friday   ,19,171,25,6,June     ,2,2020,f,f
20200620,2020-06-20,7,Saturday ,20,172,25,6,June     ,2,2020,t,f
20200621,2020-06-21,1,Sunday   ,21,173,25,6,June     ,2,2020,t,f
20200622,2020-06-22,2,Monday   ,22,174,26,6,June     ,2,2020,f,f
20200623,2020-06-23,3,Tuesday  ,23,175,26,6,June     ,2,2020,f,f
20200624,2020-06-24,4,Wednesday,24,176,26,6,June     ,2,2020,f,f
20200625,2020-06-25,5,Thursday ,25,177,26,6,June     ,2,2020,f,f
20200626,2020-06-26,6,Friday   ,26,178,26,6,June     ,2,2020,f,f
20200627,2020-06-27,7,Saturday ,27,179,26,6,June     ,2,2020,t,f
20200628,2020-06-28,1,Sunday   ,28,180,26,6,June     ,2,2020,t,f
20200629,2020-06-29,2,Monday   ,29,181,27,6,June     ,2,2020,f,f
20200630,2020-06-30,3,Tuesday  ,30,182,27,6,June     ,2,2020,f,f
20200701,2020-07-01,4,Wednesday,1,183,27,7,July     ,3,2020,f,f
20200702,2020-07-02,5,Thursday ,2,184,27,7,July     ,3,2020,f,f
20200703,2020-07-03,6,Friday   ,3,185,27,7,July     ,3,2020,f,f
20200704,2020-07-04,7,Saturday ,4,186,27,7,July     ,3,2020,t,f
20200705,2020-07-05,1,Sunday   ,5,187,27,7,July     ,3,2020,t,f
20200706,2020-07-06,2,Monday   ,6,188,28,7,July     ,3,2020,f,f
20200707,2020-07-07,3,Tuesday  ,7,189,28,7,July     ,3,2020,f,f
20200708,2020-07-08,4,Wednesday,8,190,28,7,July     ,3,2020,f,f
20200709,2020-07-09,5,Thursday ,9,191,28,7,July     ,3,2020,f,f
20200710,2020-07-10,6,Friday   ,10,192,28,7,July     ,3,2020,f,f
20200711,2020-07-11,7,Saturday ,11,193,28,7,July     ,3,2020,t,f
20200712,2020-07-12,1,Sunday   ,12,194,28,7,July     ,3,2020,t,f
20200713,2020-07-13,2,Monday   ,13,195,29,7,July     ,3,2020,f,f
20200714,2020-07-14,3,Tuesday  ,14,196,29,7,July     ,3,2020,f,f
20200715,2020-07-15,4,Wednesday,15,197,29,7,July     ,3,2020,f,f
20200716,2020-07-16,5,Thursday ,16,198,29,7,July     ,3,2020,f,f
20200717,2020-07-17,6,Friday   ,17,199,29,7,July     ,3,2020,f,f
20200718,2020-07-18,7,Saturday ,18,200,29,7,July     ,3,2020,t,f
20200719,2020-07-19,1,Sunday   ,19,201,29,7,July     ,3,2020,t,f
20200720,2020-07-20,2,Monday   ,20,202,30,7,July     ,3,2020,f,f
20200721,2020-07-21,3,Tuesday  ,21,203,30,7,July     ,3,2020,f,f
20200722,2020-07-22,4,Wednesday,22,204,30,7,July     ,3,2020,f,f
20200723,2020-07-23,5,Thursday ,23,205,30,7,July     ,3,2020,f,f
20200724,2020-07-24,6,Friday   ,24,206,30,7,July     ,3,2020,f,f
20200725,2020-07-25,7,Saturday ,25,207,30,7,July     ,3,2020,t,f
20200726,2020-07-26,1,Sunday   ,26,208,30,7,July     ,3,2020,t,f
20200727,2020-07-27,2,Monday   ,27,209,31,7,July     ,3,2020,f,f
20200728,2020-07-28,3,Tuesday  ,28,210,31,7,July     ,3,2020,f,f
20200729,2020-07-29,4,Wednesday,29,211,31,7,July     ,3,2020,f,f
20200730,2020-07-30,5,Thursday ,30,212,31,7,July     ,3,2020,f,f
20200731,2020-07-31,6,Friday   ,31,213,31,7,July     ,3,2020,f,f
20200801,2020-08-01,7,Saturday ,1,214,31,8,August   ,3,2020,t,f
20200802,2020-08-02,1,Sunday   ,2,215,31,8,August   ,3,2020,t,f
20200803,2020-08-03,2,Monday   ,3,216,32,8,August   ,3,2020,f,f
20200804,2020-08-04,3,Tuesday  ,4,217,32,8,August   ,3,2020,f,f
20200805,2020-08-05,4,Wednesday,5,218,32,8,August   ,3,2020,f,f
20200806,2020-08-06,5,Thursday ,6,219,32,8,August   ,3,2020,f,f
20200807,2020-08-07,6,Friday   ,7,220,32,8,August   ,3,2020,f,f
20200808,2020-08-08,7,Saturday ,8,221,32,8,August   ,3,2020,t,f
20200809,2020-08-09,1,Sunday   ,9,222,32,8,August   ,3,2020,t,f
20200810,2020-08-10,2,Monday   ,10,223,33,8,August   ,3,2020,f,f
20200811,2020-08-11,3,Tuesday  ,11,224,33,8,August   ,3,2020,f,f
20200812,2020-08-12,4,Wednesday,12,225,33,8,August   ,3,2020,f,f
20200813,2020-08-13,5,Thursday ,13,226,33,8,August   ,3,2020,f,f
20200814,2020-08-14,6,Friday   ,14,227,33,8,August   ,3,2020,f,f
20200815,2020-08-15,7,Saturday ,15,228,33,8,August   ,3,2020,t,f
20200816,2020-08-16,1,Sunday   ,16,229,33,8,August   ,3,2020,t,f
20200817,2020-08-17,2,Monday   ,17,230,34,8,August   ,3,2020,f,f
20200818,2020-08-18,3,Tuesday  ,18,231,34,8,August   ,3,2020,f,f
20200819,2020-08-19,4,Wednesday,19,232,34,8,August   ,3,2020,f,f
20200820,2020-08-20,5,Thursday ,20,233,34,8,August   ,3,2020,f,f
20200821,2020-08-21,6,Friday   ,21,234,34,8,August   ,3,2020,f,f
20200822,2020-08-22,7,Saturday ,22,235,34,8,August   ,3,2020,t,f
20200823,2020-08-23,1,Sunday   ,23,236,34,8,August   ,3,2020,t,f
20200824,2020-08-24,2,Monday   ,24,237,35,8,August   ,3,2020,f,f
20200825,2020-08-25,3,Tuesday  ,25,238,35,8,August   ,3,2020,f,f
20200826,2020-08-26,4,Wednesday,26,239,35,8,August   ,3,2020,f,f
20200827,2020-08-27,5,Thursday ,27,240,35,8,August   ,3,2020,f,f
20200828,2020-08-28,6,Friday   ,28,241,35,8,August   ,3,2020,f,f
20200829,2020-08-29,7,Saturday ,29,242,35,8,August   ,3,2020,t,f
20200830,2020-08-30,1,Sunday   ,30,243,35,8,August   ,3,2020,t,f
20200831,2020-08-31,2,Monday   ,31,244,36,8,August   ,3,2020,f,f
20200901,2020-09-01,3,Tuesday  ,1,245,36,9,September,3,2020,f,f
20200902,2020-09-02,4,Wednesday,2,246,36,9,September,3,2020,f,f
20200903,2020-09-03,5,Thursday ,3,247,36,9,September,3,2020,f,f
20200904,2020-09-04,6,Friday   ,4,248,36,9,September,3,2020,f,f
20200905,2020-09-05,7,Saturday ,5,249,36,9,September,3,2020,t,f
20200906,2020-09-06,1,Sunday   ,6,250,36,9,September,3,2020,t,f
20200907,2020-09-07,2,Monday   ,7,251,37,9,September,3,2020,f,f
20200908,2020-09-08,3,Tuesday  ,8,252,37,9,September,3,2020,f,f
20200909,2020-09-09,4,Wednesday,9,253,37,9,September,3,2020,f,f
20200910,2020-09-10,5,Thursday ,10,254,37,9,September,3,2020,f,f
20200911,2020-09-11,6,Friday   ,11,255,37,9,September,3,2020,f,f
20200912,2020-09-12,7,Saturday ,12,256,37,9,September,3,2020,t,f
20200913,2020-09-13,1,Sunday   ,13,257,37,9,September,3,2020,t,f
20200914,2020-09-14,2,Monday   ,14,258,38,9,September,3,2020,f,f
20200915,2020-09-15,3,Tuesday  ,15,259,38,9,September,3,2020,f,f
20200916,2020-09-16,4,Wednesday,16,260,38,9,September,3,2020,f,f
20200917,2020-09-17,5,Thursday ,17,261,38,9,September,3,2020,f,f
20200918,2020-09-18,6,Friday   ,18,262,38,9,September,3,2020,f,f
20200919,2020-09-19,7,Saturday ,19,263,38,9,September,3,2020,t,f
20200920,2020-09-20,1,Sunday   ,20,264,38,9,September,3,2020,t,f
20200921,2020-09-21,2,Monday   ,21,265,39,9,September,3,2020,f,f
20200922,2020-09-22,3,Tuesday  ,22,266,39,9,September,3,2020,f,f
20200923,2020-09-23,4,Wednesday,23,267,39,9,September,3,2020,f,f
20200924,2020-09-24,5,Thursday ,24,268,39,9,September,3,2020,f,f
20200925,2020-09-25,6,Friday   ,25,269,39,9,September,3,2020,f,f
20200926,2020-09-26,7,Saturday ,26,270,39,9,September,3,2020,t,f
20200927,2020-09-27,1,Sunday   ,27,271,39,9,September,3,2020,t,f
20200928,2020-09-28,2,Monday   ,28,272,40,9,September,3,2020,f,f
20200929,2020-09-29,3,Tuesday  ,29,273,40,9,September,3,2020,f,f
20200930,2020-09-30,4,Wednesday,30,274,40,9,September,3,2020,f,f
20201001,2020-10-01,5,Thursday ,1,275,40,10,October  ,4,2020,f,f
20201002,2020-10-02,6,Friday   ,2,276,40,10,October  ,4,2020,f,f
20201003,2020-10-03,7,Saturday ,3,277,40,10,October  ,4,2020,t,f
20201004,2020-10-04,1,Sunday   ,4,278,40,10,October  ,4,2020,t,f
20201005,2020-10-05,2,Monday   ,5,279,41,10,October  ,4,2020,f,f
20201006,2020-10-06,3,Tuesday  ,6,280,41,10,October  ,4,2020,f,f
20201007,2020-10-07,4,Wednesday,7,281,41,10,October  ,4,2020,f,f
20201008,2020-10-08,5,Thursday ,8,282,41,10,October  ,4,2020,f,f
20201009,2020-10-09,6,Friday   ,9,283,41,10,October  ,4,2020,f,f
20201010,2020-10-10,7,Saturday ,10,284,41,10,October  ,4,2020,t,f
20201011,2020-10-11,1,Sunday   ,11,285,41,10,October  ,4,2020,t,f
20201012,2020-10-12,2,Monday   ,12,286,42,10,October  ,4,2020,f,f
20201013,2020-10-13,3,Tuesday  ,13,287,42,10,October  ,4,2020,f,f
20201014,2020-10-14,4,Wednesday,14,288,42,10,October  ,4,2020,f,f
20201015,2020-10-15,5,Thursday ,15,289,42,10,October  ,4,2020,f,f
20201016,2020-10-16,6,Friday   ,16,290,42,10,October  ,4,2020,f,f
20201017,2020-10-17,7,Saturday ,17,291,42,10,October  ,4,2020,t,f
20201018,2020-10-18,1,Sunday   ,18,292,42,10,October  ,4,2020,t,f
20201019,2020-10-19,2,Monday   ,19,293,43,10,October  ,4,2020,f,f
20201020,2020-10-20,3,Tuesday  ,20,294,43,10,October  ,4,2020,f,f
20201021,2020-10-21,4,Wednesday,21,295,43,10,October  ,4,2020,f,f
20201022,2020-10-22,5,Thursday ,22,296,43,10,October  ,4,2020,f,f
20201023,2020-10-23,6,Friday   ,23,297,43,10,October  ,4,2020,f,f
20201024,2020-10-24,7,Saturday ,24,298,43,10,October  ,4,2020,t,f
20201025,2020-10-25,1,Sunday   ,25,299,43,10,October  ,4,2020,t,f
20201026,2020-10-26,2,Monday   ,26,300,44,10,October  ,4,2020,f,f
20201027,2020-10-27,3,Tuesday  ,27,301,44,10,October  ,4,2020,f,f
20201028,2020-10-28,4,Wednesday,28,302,44,10,October  ,4,2020,f,f
20201029,2020-10-29,5,Thursday ,29,303,44,10,October  ,4,2020,f,f
20201030,2020-10-30,6,Friday   ,30,304,44,10,October  ,4,2020,f,f
20201031,2020-10-31,7,Saturday ,31,305,44,10,October  ,4,2020,t,f
20201101,2020-11-01,1,Sunday   ,1,306,44,11,November ,4,2020,t,f
20201102,2020-11-02,2,Monday   ,2,307,45,11,November ,4,2020,f,f
20201103,2020-11-03,3,Tuesday  ,3,308,45,11,November ,4,2020,f,f
20201104,2020-11-04,4,Wednesday,4,309,45,11,November ,4,2020,f,f
20201105,2020-11-05,5,Thursday ,5,310,45,11,November ,4,2020,f,f
20201106,2020-11-06,6,Friday   ,6,311,45,11,November ,4,2020,f,f
20201107,2020-11-07,7,Saturday ,7,312,45,11,November ,4,2020,t,f
20201108,2020-11-08,1,Sunday   ,8,313,45,11,November ,4,2020,t,f
20201109,2020-11-09,2,Monday   ,9,314,46,11,November ,4,2020,f,f
20201110,2020-11-10,3,Tuesday  ,10,315,46,11,November ,4,2020,f,f
20201111,2020-11-11,4,Wednesday,11,316,46,11,November ,4,2020,f,f
20201112,2020-11-12,5,Thursday ,12,317,46,11,November ,4,2020,f,f
20201113,2020-11-13,6,Friday   ,13,318,46,11,November ,4,2020,f,f
20201114,2020-11-14,7,Saturday ,14,319,46,11,November ,4,2020,t,f
20201115,2020-11-15,1,Sunday   ,15,320,46,11,November ,4,2020,t,f
20201116,2020-11-16,2,Monday   ,16,321,47,11,November ,4,2020,f,f
20201117,2020-11-17,3,Tuesday  ,17,322,47,11,November ,4,2020,f,f
20201118,2020-11-18,4,Wednesday,18,323,47,11,November ,4,2020,f,f
20201119,2020-11-19,5,Thursday ,19,324,47,11,November ,4,2020,f,f
20201120,2020-11-20,6,Friday   ,20,325,47,11,November ,4,2020,f,f
20201121,2020-11-21,7,Saturday ,21,326,47,11,November ,4,2020,t,f
20201122,2020-11-22,1,Sunday   ,22,327,47,11,November ,4,2020,t,f
20201123,2020-11-23,2,Monday   ,23,328,48,11,November ,4,2020,f,f
20201124,2020-11-24,3,Tuesday  ,24,329,48,11,November ,4,2020,f,f
20201125,2020-11-25,4,Wednesday,25,330,48,11,November ,4,2020,f,f
20201126,2020-11-26,5,Thursday ,26,331,48,11,November ,4,2020,f,f
20201127,2020-11-27,6,Friday   ,27,332,48,11,November ,4,2020,f,f
20201128,2020-11-28,7,Saturday ,28,333,48,11,November ,4,2020,t,f
20201129,2020-11-29,1,Sunday   ,29,334,48,11,November ,4,2020,t,f
20201130,2020-11-30,2,Monday   ,30,335,49,11,November ,4,2020,f,f
20201201,2020-12-01,3,Tuesday  ,1,336,49,12,December ,4,2020,f,f
20201202,2020-12-02,4,Wednesday,2,337,49,12,December ,4,2020,f,f
20201203,2020-12-03,5,Thursday ,3,338,49,12,December ,4,2020,f,f
20201204,2020-12-04,6,Friday   ,4,339,49,12,December ,4,2020,f,f
20201205,2020-12-05,7,Saturday ,5,340,49,12,December ,4,2020,t,f
20201206,2020-12-06,1,Sunday   ,6,341,49,12,December ,4,2020,t,f
20201207,2020-12-07,2,Monday   ,7,342,50,12,December ,4,2020,f,f
20201208,2020-12-08,3,Tuesday  ,8,343,50,12,December ,4,2020,f,f
20201209,2020-12-09,4,Wednesday,9,344,50,12,December ,4,2020,f,f
20201210,2020-12-10,5,Thursday ,10,345,50,12,December ,4,2020,f,f
20201211,2020-12-11,6,Friday   ,11,346,50,12,December ,4,2020,f,f
20201212,2020-12-12,7,Saturday ,12,347,50,12,December ,4,2020,t,f
20201213,2020-12-13,1,Sunday   ,13,348,50,12,December ,4,2020,t,f
20201214,2020-12-14,2,Monday   ,14,349,51,12,December ,4,2020,f,f
20201215,2020-12-15,3,Tuesday  ,15,350,51,12,December ,4,2020,f,f
20201216,2020-12-16,4,Wednesday,16,351,51,12,December ,4,2020,f,f
20201217,2020-12-17,5,Thursday ,17,352,51,12,December ,4,2020,f,f
20201218,2020-12-18,6,Friday   ,18,353,51,12,December ,4,2020,f,f
20201219,2020-12-19,7,Saturday ,19,354,51,12,December ,4,2020,t,f
20201220,2020-12-20,1,Sunday   ,20,355,51,12,December ,4,2020,t,f
20201221,2020-12-21,2,Monday   ,21,356,52,12,December ,4,2020,f,f
20201222,2020-12-22,3,Tuesday  ,22,357,52,12,December ,4,2020,f,f
20201223,2020-12-23,4,Wednesday,23,358,52,12,December ,4,2020,f,f
20201224,2020-12-24,5,Thursday ,24,359,52,12,December ,4,2020,f,f
20201225,2020-12-25,6,Friday   ,25,360,52,12,December ,4,2020,f,f
20201226,2020-12-26,7,Saturday ,26,361,52,12,December ,4,2020,t,f
20201227,2020-12-27,1,Sunday   ,27,362,52,12,December ,4,2020,t,f
20201228,2020-12-28,2,Monday   ,28,363,53,12,December ,4,2020,f,f
20201229,2020-12-29,3,Tuesday  ,29,364,53,12,December ,4,2020,f,f
20201230,2020-12-30,4,Wednesday,30,365,53,12,December ,4,2020,f,f
20201231,2020-12-31,5,Thursday ,31,366,53,12,December ,4,2020,f,f
20210101,2021-01-01,6,Friday   ,1,1,53,1,January  ,1,2021,f,f
20210102,2021-01-02,7,Saturday ,2,2,53,1,January  ,1,2021,t,f
20210103,2021-01-03,1,Sunday   ,3,3,53,1,January  ,1,2021,t,f
20210104,2021-01-04,2,Monday   ,4,4,1,1,January  ,1,2021,f,f
20210105,2021-01-05,3,Tuesday  ,5,5,1,1,January  ,1,2021,f,f
20210106,2021-01-06,4,Wednesday,6,6,1,1,January  ,1,2021,f,f
20210107,2021-01-07,5,Thursday ,7,7,1,1,January  ,1,2021,f,f
20210108,2021-01-08,6,Friday   ,8,8,1,1,January  ,1,2021,f,f
20210109,2021-01-09,7,Saturday ,9,9,1,1,January  ,1,2021,t,f
20210110,2021-01-10,1,Sunday   ,10,10,1,1,January  ,1,2021,t,f
20210111,2021-01-11,2,Monday   ,11,11,2,1,January  ,1,2021,f,f
20210112,2021-01-12,3,Tuesday  ,12,12,2,1,January  ,1,2021,f,f
20210113,2021-01-13,4,Wednesday,13,13,2,1,January  ,1,2021,f,f
20210114,2021-01-14,5,Thursday ,14,14,2,1,January  ,1,2021,f,f
20210115,2021-01-15,6,Friday   ,15,15,2,1,January  ,1,2021,f,f
20210116,2021-01-16,7,Saturday ,16,16,2,1,January  ,1,2021,t,f
20210117,2021-01-17,1,Sunday   ,17,17,2,1,January  ,1,2021,t,f
20210118,2021-01-18,2,Monday   ,18,18,3,1,January  ,1,2021,f,f
20210119,2021-01-19,3,Tuesday  ,19,19,3,1,January  ,1,2021,f,f
20210120,2021-01-20,4,Wednesday,20,20,3,1,January  ,1,2021,f,f
20210121,2021-01-21,5,Thursday ,21,21,3,1,January  ,1,2021,f,f
20210122,2021-01-22,6,Friday   ,22,22,3,1,January  ,1,2021,f,f
20210123,2021-01-23,7,Saturday ,23,23,3,1,January  ,1,2021,t,f
20210124,2021-01-24,1,Sunday   ,24,24,3,1,January  ,1,2021,t,f
20210125,2021-01-25,2,Monday   ,25,25,4,1,January  ,1,2021,f,f
20210126,2021-01-26,3,Tuesday  ,26,26,4,1,January  ,1,2021,f,f
20210127,2021-01-27,4,Wednesday,27,27,4,1,January  ,1,2021,f,f
20210128,2021-01-28,5,Thursday ,28,28,4,1,January  ,1,2021,f,f
20210129,2021-01-29,6,Friday   ,29,29,4,1,January  ,1,2021,f,f
20210130,2021-01-30,7,Saturday ,30,30,4,1,January  ,1,2021,t,f
20210131,2021-01-31,1,Sunday   ,31,31,4,1,January  ,1,2021,t,f
20210201,2021-02-01,2,Monday   ,1,32,5,2,February ,1,2021,f,f
20210202,2021-02-02,3,Tuesday  ,2,33,5,2,February ,1,2021,f,f
20210203,2021-02-03,4,Wednesday,3,34,5,2,February ,1,2021,f,f
20210204,2021-02-04,5,Thursday ,4,35,5,2,February ,1,2021,f,f
20210205,2021-02-05,6,Friday   ,5,36,5,2,February ,1,2021,f,f
20210206,2021-02-06,7,Saturday ,6,37,5,2,February ,1,2021,t,f
20210207,2021-02-07,1,Sunday   ,7,38,5,2,February ,1,2021,t,f
20210208,2021-02-08,2,Monday   ,8,39,6,2,February ,1,2021,f,f
20210209,2021-02-09,3,Tuesday  ,9,40,6,2,February ,1,2021,f,f
20210210,2021-02-10,4,Wednesday,10,41,6,2,February ,1,2021,f,f
20210211,2021-02-11,5,Thursday ,11,42,6,2,February ,1,2021,f,f
20210212,2021-02-12,6,Friday   ,12,43,6,2,February ,1,2021,f,f
20210213,2021-02-13,7,Saturday ,13,44,6,2,February ,1,2021,t,f
20210214,2021-02-14,1,Sunday   ,14,45,6,2,February ,1,2021,t,f
20210215,2021-02-15,2,Monday   ,15,46,7,2,February ,1,2021,f,f
20210216,2021-02-16,3,Tuesday  ,16,47,7,2,February ,1,2021,f,f
20210217,2021-02-17,4,Wednesday,17,48,7,2,February ,1,2021,f,f
20210218,2021-02-18,5,Thursday ,18,49,7,2,February ,1,2021,f,f
20210219,2021-02-19,6,Friday   ,19,50,7,2,February ,1,2021,f,f
20210220,2021-02-20,7,Saturday ,20,51,7,2,February ,1,2021,t,f
20210221,2021-02-21,1,Sunday   ,21,52,7,2,February ,1,2021,t,f
20210222,2021-02-22,2,Monday   ,22,53,8,2,February ,1,2021,f,f
20210223,2021-02-23,3,Tuesday  ,23,54,8,2,February ,1,2021,f,f
20210224,2021-02-24,4,Wednesday,24,55,8,2,February ,1,2021,f,f
20210225,2021-02-25,5,Thursday ,25,56,8,2,February ,1,2021,f,f
20210226,2021-02-26,6,Friday   ,26,57,8,2,February ,1,2021,f,f
20210227,2021-02-27,7,Saturday ,27,58,8,2,February ,1,2021,t,f
20210228,2021-02-28,1,Sunday   ,28,59,8,2,February ,1,2021,t,f
20210301,2021-03-01,2,Monday   ,1,60,9,3,March    ,1,2021,f,f
20210302,2021-03-02,3,Tuesday  ,2,61,9,3,March    ,1,2021,f,f
20210303,2021-03-03,4,Wednesday,3,62,9,3,March    ,1,2021,f,f
20210304,2021-03-04,5,Thursday ,4,63,9,3,March    ,1,2021,f,f
20210305,2021-03-05,6,Friday   ,5,64,9,3,March    ,1,2021,f,f
20210306,2021-03-06,7,Saturday ,6,65,9,3,March    ,1,2021,t,f
20210307,2021-03-07,1,Sunday   ,7,66,9,3,March    ,1,2021,t,f
20210308,2021-03-08,2,Monday   ,8,67,10,3,March    ,1,2021,f,f
20210309,2021-03-09,3,Tuesday  ,9,68,10,3,March    ,1,2021,f,f
20210310,2021-03-10,4,Wednesday,10,69,10,3,March    ,1,2021,f,f
20210311,2021-03-11,5,Thursday ,11,70,10,3,March    ,1,2021,f,f
20210312,2021-03-12,6,Friday   ,12,71,10,3,March    ,1,2021,f,f
20210313,2021-03-13,7,Saturday ,13,72,10,3,March    ,1,2021,t,f
20210314,2021-03-14,1,Sunday   ,14,73,10,3,March    ,1,2021,t,f
20210315,2021-03-15,2,Monday   ,15,74,11,3,March    ,1,2021,f,f
20210316,2021-03-16,3,Tuesday  ,16,75,11,3,March    ,1,2021,f,f
20210317,2021-03-17,4,Wednesday,17,76,11,3,March    ,1,2021,f,f
20210318,2021-03-18,5,Thursday ,18,77,11,3,March    ,1,2021,f,f
20210319,2021-03-19,6,Friday   ,19,78,11,3,March    ,1,2021,f,f
20210320,2021-03-20,7,Saturday ,20,79,11,3,March    ,1,2021,t,f
20210321,2021-03-21,1,Sunday   ,21,80,11,3,March    ,1,2021,t,f
20210322,2021-03-22,2,Monday   ,22,81,12,3,March    ,1,2021,f,f
20210323,2021-03-23,3,Tuesday  ,23,82,12,3,March    ,1,2021,f,f
20210324,2021-03-24,4,Wednesday,24,83,12,3,March    ,1,2021,f,f
20210325,2021-03-25,5,Thursday ,25,84,12,3,March    ,1,2021,f,f
20210326,2021-03-26,6,Friday   ,26,85,12,3,March    ,1,2021,f,f
20210327,2021-03-27,7,Saturday ,27,86,12,3,March    ,1,2021,t,f
20210328,2021-03-28,1,Sunday   ,28,87,12,3,March    ,1,2021,t,f
20210329,2021-03-29,2,Monday   ,29,88,13,3,March    ,1,2021,f,f
20210330,2021-03-30,3,Tuesday  ,30,89,13,3,March    ,1,2021,f,f
20210331,2021-03-31,4,Wednesday,31,90,13,3,March    ,1,2021,f,f
20210401,2021-04-01,5,Thursday ,1,91,13,4,April    ,2,2021,f,f
20210402,2021-04-02,6,Friday   ,2,92,13,4,April    ,2,2021,f,f
20210403,2021-04-03,7,Saturday ,3,93,13,4,April    ,2,2021,t,f
20210404,2021-04-04,1,Sunday   ,4,94,13,4,April    ,2,2021,t,f
20210405,2021-04-05,2,Monday   ,5,95,14,4,April    ,2,2021,f,f
20210406,2021-04-06,3,Tuesday  ,6,96,14,4,April    ,2,2021,f,f
20210407,2021-04-07,4,Wednesday,7,97,14,4,April    ,2,2021,f,f
20210408,2021-04-08,5,Thursday ,8,98,14,4,April    ,2,2021,f,f
20210409,2021-04-09,6,Friday   ,9,99,14,4,April    ,2,2021,f,f
20210410,2021-04-10,7,Saturday ,10,100,14,4,April    ,2,2021,t,f
20210411,2021-04-11,1,Sunday   ,11,101,14,4,April    ,2,2021,t,f
20210412,2021-04-12,2,Monday   ,12,102,15,4,April    ,2,2021,f,f
20210413,2021-04-13,3,Tuesday  ,13,103,15,4,April    ,2,2021,f,f
20210414,2021-04-14,4,Wednesday,14,104,15,4,April    ,2,2021,f,f
20210415,2021-04-15,5,Thursday ,15,105,15,4,April    ,2,2021,f,f
20210416,2021-04-16,6,Friday   ,16,106,15,4,April    ,2,2021,f,f
20210417,2021-04-17,7,Saturday ,17,107,15,4,April    ,2,2021,t,f
20210418,2021-04-18,1,Sunday   ,18,108,15,4,April    ,2,2021,t,f
20210419,2021-04-19,2,Monday   ,19,109,16,4,April    ,2,2021,f,f
20210420,2021-04-20,3,Tuesday  ,20,110,16,4,April    ,2,2021,f,f
20210421,2021-04-21,4,Wednesday,21,111,16,4,April    ,2,2021,f,f
20210422,2021-04-22,5,Thursday ,22,112,16,4,April    ,2,2021,f,f
20210423,2021-04-23,6,Friday   ,23,113,16,4,April    ,2,2021,f,f
20210424,2021-04-24,7,Saturday ,24,114,16,4,April    ,2,2021,t,f
20210425,2021-04-25,1,Sunday   ,25,115,16,4,April    ,2,2021,t,f
20210426,2021-04-26,2,Monday   ,26,116,17,4,April    ,2,2021,f,f
20210427,2021-04-27,3,Tuesday  ,27,117,17,4,April    ,2,2021,f,f
20210428,2021-04-28,4,Wednesday,28,118,17,4,April    ,2,2021,f,f
20210429,2021-04-29,5,Thursday ,29,119,17,4,April    ,2,2021,f,f
20210430,2021-04-30,6,Friday   ,30,120,17,4,April    ,2,2021,f,f
20210501,2021-05-01,7,Saturday ,1,121,17,5,May      ,2,2021,t,f
20210502,2021-05-02,1,Sunday   ,2,122,17,5,May      ,2,2021,t,f
20210503,2021-05-03,2,Monday   ,3,123,18,5,May      ,2,2021,f,f
20210504,2021-05-04,3,Tuesday  ,4,124,18,5,May      ,2,2021,f,f
20210505,2021-05-05,4,Wednesday,5,125,18,5,May      ,2,2021,f,f
20210506,2021-05-06,5,Thursday ,6,126,18,5,May      ,2,2021,f,f
20210507,2021-05-07,6,Friday   ,7,127,18,5,May      ,2,2021,f,f
20210508,2021-05-08,7,Saturday ,8,128,18,5,May      ,2,2021,t,f
20210509,2021-05-09,1,Sunday   ,9,129,18,5,May      ,2,2021,t,f
20210510,2021-05-10,2,Monday   ,10,130,19,5,May      ,2,2021,f,f
20210511,2021-05-11,3,Tuesday  ,11,131,19,5,May      ,2,2021,f,f
20210512,2021-05-12,4,Wednesday,12,132,19,5,May      ,2,2021,f,f
20210513,2021-05-13,5,Thursday ,13,133,19,5,May      ,2,2021,f,f
20210514,2021-05-14,6,Friday   ,14,134,19,5,May      ,2,2021,f,f
20210515,2021-05-15,7,Saturday ,15,135,19,5,May      ,2,2021,t,f
20210516,2021-05-16,1,Sunday   ,16,136,19,5,May      ,2,2021,t,f
20210517,2021-05-17,2,Monday   ,17,137,20,5,May      ,2,2021,f,f
20210518,2021-05-18,3,Tuesday  ,18,138,20,5,May      ,2,2021,f,f
20210519,2021-05-19,4,Wednesday,19,139,20,5,May      ,2,2021,f,f
20210520,2021-05-20,5,Thursday ,20,140,20,5,May      ,2,2021,f,f
20210521,2021-05-21,6,Friday   ,21,141,20,5,May      ,2,2021,f,f
20210522,2021-05-22,7,Saturday ,22,142,20,5,May      ,2,2021,t,f
20210523,2021-05-23,1,Sunday   ,23,143,20,5,May      ,2,2021,t,f
20210524,2021-05-24,2,Monday   ,24,144,21,5,May      ,2,2021,f,f
20210525,2021-05-25,3,Tuesday  ,25,145,21,5,May      ,2,2021,f,f
20210526,2021-05-26,4,Wednesday,26,146,21,5,May      ,2,2021,f,f
20210527,2021-05-27,5,Thursday ,27,147,21,5,May      ,2,2021,f,f
20210528,2021-05-28,6,Friday   ,28,148,21,5,May      ,2,2021,f,f
20210529,2021-05-29,7,Saturday ,29,149,21,5,May      ,2,2021,t,f
20210530,2021-05-30,1,Sunday   ,30,150,21,5,May      ,2,2021,t,f
20210531,2021-05-31,2,Monday   ,31,151,22,5,May      ,2,2021,f,f
20210601,2021-06-01,3,Tuesday  ,1,152,22,6,June     ,2,2021,f,f
20210602,2021-06-02,4,Wednesday,2,153,22,6,June     ,2,2021,f,f
20210603,2021-06-03,5,Thursday ,3,154,22,6,June     ,2,2021,f,f
20210604,2021-06-04,6,Friday   ,4,155,22,6,June     ,2,2021,f,f
20210605,2021-06-05,7,Saturday ,5,156,22,6,June     ,2,2021,t,f
20210606,2021-06-06,1,Sunday   ,6,157,22,6,June     ,2,2021,t,f
20210607,2021-06-07,2,Monday   ,7,158,23,6,June     ,2,2021,f,f
20210608,2021-06-08,3,Tuesday  ,8,159,23,6,June     ,2,2021,f,f
20210609,2021-06-09,4,Wednesday,9,160,23,6,June     ,2,2021,f,f
20210610,2021-06-10,5,Thursday ,10,161,23,6,June     ,2,2021,f,f
20210611,2021-06-11,6,Friday   ,11,162,23,6,June     ,2,2021,f,f
20210612,2021-06-12,7,Saturday ,12,163,23,6,June     ,2,2021,t,f
20210613,2021-06-13,1,Sunday   ,13,164,23,6,June     ,2,2021,t,f
20210614,2021-06-14,2,Monday   ,14,165,24,6,June     ,2,2021,f,f
20210615,2021-06-15,3,Tuesday  ,15,166,24,6,June     ,2,2021,f,f
20210616,2021-06-16,4,Wednesday,16,167,24,6,June     ,2,2021,f,f
20210617,2021-06-17,5,Thursday ,17,168,24,6,June     ,2,2021,f,f
20210618,2021-06-18,6,Friday   ,18,169,24,6,June     ,2,2021,f,f
20210619,2021-06-19,7,Saturday ,19,170,24,6,June     ,2,2021,t,f
20210620,2021-06-20,1,Sunday   ,20,171,24,6,June     ,2,2021,t,f
20210621,2021-06-21,2,Monday   ,21,172,25,6,June     ,2,2021,f,f
20210622,2021-06-22,3,Tuesday  ,22,173,25,6,June     ,2,2021,f,f
20210623,2021-06-23,4,Wednesday,23,174,25,6,June     ,2,2021,f,f
20210624,2021-06-24,5,Thursday ,24,175,25,6,June     ,2,2021,f,f
20210625,2021-06-25,6,Friday   ,25,176,25,6,June     ,2,2021,f,f
20210626,2021-06-26,7,Saturday ,26,177,25,6,June     ,2,2021,t,f
20210627,2021-06-27,1,Sunday   ,27,178,25,6,June     ,2,2021,t,f
20210628,2021-06-28,2,Monday   ,28,179,26,6,June     ,2,2021,f,f
20210629,2021-06-29,3,Tuesday  ,29,180,26,6,June     ,2,2021,f,f
20210630,2021-06-30,4,Wednesday,30,181,26,6,June     ,2,2021,f,f
20210701,2021-07-01,5,Thursday ,1,182,26,7,July     ,3,2021,f,f
20210702,2021-07-02,6,Friday   ,2,183,26,7,July     ,3,2021,f,f
20210703,2021-07-03,7,Saturday ,3,184,26,7,July     ,3,2021,t,f
20210704,2021-07-04,1,Sunday   ,4,185,26,7,July     ,3,2021,t,f
20210705,2021-07-05,2,Monday   ,5,186,27,7,July     ,3,2021,f,f
20210706,2021-07-06,3,Tuesday  ,6,187,27,7,July     ,3,2021,f,f
20210707,2021-07-07,4,Wednesday,7,188,27,7,July     ,3,2021,f,f
20210708,2021-07-08,5,Thursday ,8,189,27,7,July     ,3,2021,f,f
20210709,2021-07-09,6,Friday   ,9,190,27,7,July     ,3,2021,f,f
20210710,2021-07-10,7,Saturday ,10,191,27,7,July     ,3,2021,t,f
20210711,2021-07-11,1,Sunday   ,11,192,27,7,July     ,3,2021,t,f
20210712,2021-07-12,2,Monday   ,12,193,28,7,July     ,3,2021,f,f
20210713,2021-07-13,3,Tuesday  ,13,194,28,7,July     ,3,2021,f,f
20210714,2021-07-14,4,Wednesday,14,195,28,7,July     ,3,2021,f,f
20210715,2021-07-15,5,Thursday ,15,196,28,7,July     ,3,2021,f,f
20210716,2021-07-16,6,Friday   ,16,197,28,7,July     ,3,2021,f,f
20210717,2021-07-17,7,Saturday ,17,198,28,7,July     ,3,2021,t,f
20210718,2021-07-18,1,Sunday   ,18,199,28,7,July     ,3,2021,t,f
20210719,2021-07-19,2,Monday   ,19,200,29,7,July     ,3,2021,f,f
20210720,2021-07-20,3,Tuesday  ,20,201,29,7,July     ,3,2021,f,f
20210721,2021-07-21,4,Wednesday,21,202,29,7,July     ,3,2021,f,f
20210722,2021-07-22,5,Thursday ,22,203,29,7,July     ,3,2021,f,f
20210723,2021-07-23,6,Friday   ,23,204,29,7,July     ,3,2021,f,f
20210724,2021-07-24,7,Saturday ,24,205,29,7,July     ,3,2021,t,f
20210725,2021-07-25,1,Sunday   ,25,206,29,7,July     ,3,2021,t,f
20210726,2021-07-26,2,Monday   ,26,207,30,7,July     ,3,2021,f,f
20210727,2021-07-27,3,Tuesday  ,27,208,30,7,July     ,3,2021,f,f
20210728,2021-07-28,4,Wednesday,28,209,30,7,July     ,3,2021,f,f
20210729,2021-07-29,5,Thursday ,29,210,30,7,July     ,3,2021,f,f
20210730,2021-07-30,6,Friday   ,30,211,30,7,July     ,3,2021,f,f
20210731,2021-07-31,7,Saturday ,31,212,30,7,July     ,3,2021,t,f
20210801,2021-08-01,1,Sunday   ,1,213,30,8,August   ,3,2021,t,f
20210802,2021-08-02,2,Monday   ,2,214,31,8,August   ,3,2021,f,f
20210803,2021-08-03,3,Tuesday  ,3,215,31,8,August   ,3,2021,f,f
20210804,2021-08-04,4,Wednesday,4,216,31,8,August   ,3,2021,f,f
20210805,2021-08-05,5,Thursday ,5,217,31,8,August   ,3,2021,f,f
20210806,2021-08-06,6,Friday   ,6,218,31,8,August   ,3,2021,f,f
20210807,2021-08-07,7,Saturday ,7,219,31,8,August   ,3,2021,t,f
20210808,2021-08-08,1,Sunday   ,8,220,31,8,August   ,3,2021,t,f
20210809,2021-08-09,2,Monday   ,9,221,32,8,August   ,3,2021,f,f
20210810,2021-08-10,3,Tuesday  ,10,222,32,8,August   ,3,2021,f,f
20210811,2021-08-11,4,Wednesday,11,223,32,8,August   ,3,2021,f,f
20210812,2021-08-12,5,Thursday ,12,224,32,8,August   ,3,2021,f,f
20210813,2021-08-13,6,Friday   ,13,225,32,8,August   ,3,2021,f,f
20210814,2021-08-14,7,Saturday ,14,226,32,8,August   ,3,2021,t,f
20210815,2021-08-15,1,Sunday   ,15,227,32,8,August   ,3,2021,t,f
20210816,2021-08-16,2,Monday   ,16,228,33,8,August   ,3,2021,f,f
20210817,2021-08-17,3,Tuesday  ,17,229,33,8,August   ,3,2021,f,f
20210818,2021-08-18,4,Wednesday,18,230,33,8,August   ,3,2021,f,f
20210819,2021-08-19,5,Thursday ,19,231,33,8,August   ,3,2021,f,f
20210820,2021-08-20,6,Friday   ,20,232,33,8,August   ,3,2021,f,f
20210821,2021-08-21,7,Saturday ,21,233,33,8,August   ,3,2021,t,f
20210822,2021-08-22,1,Sunday   ,22,234,33,8,August   ,3,2021,t,f
20210823,2021-08-23,2,Monday   ,23,235,34,8,August   ,3,2021,f,f
20210824,2021-08-24,3,Tuesday  ,24,236,34,8,August   ,3,2021,f,f
20210825,2021-08-25,4,Wednesday,25,237,34,8,August   ,3,2021,f,f
20210826,2021-08-26,5,Thursday ,26,238,34,8,August   ,3,2021,f,f
20210827,2021-08-27,6,Friday   ,27,239,34,8,August   ,3,2021,f,f
20210828,2021-08-28,7,Saturday ,28,240,34,8,August   ,3,2021,t,f
20210829,2021-08-29,1,Sunday   ,29,241,34,8,August   ,3,2021,t,f
20210830,2021-08-30,2,Monday   ,30,242,35,8,August   ,3,2021,f,f
20210831,2021-08-31,3,Tuesday  ,31,243,35,8,August   ,3,2021,f,f
20210901,2021-09-01,4,Wednesday,1,244,35,9,September,3,2021,f,f
20210902,2021-09-02,5,Thursday ,2,245,35,9,September,3,2021,f,f
20210903,2021-09-03,6,Friday   ,3,246,35,9,September,3,2021,f,f
20210904,2021-09-04,7,Saturday ,4,247,35,9,September,3,2021,t,f
20210905,2021-09-05,1,Sunday   ,5,248,35,9,September,3,2021,t,f
20210906,2021-09-06,2,Monday   ,6,249,36,9,September,3,2021,f,f
20210907,2021-09-07,3,Tuesday  ,7,250,36,9,September,3,2021,f,f
20210908,2021-09-08,4,Wednesday,8,251,36,9,September,3,2021,f,f
20210909,2021-09-09,5,Thursday ,9,252,36,9,September,3,2021,f,f
20210910,2021-09-10,6,Friday   ,10,253,36,9,September,3,2021,f,f
20210911,2021-09-11,7,Saturday ,11,254,36,9,September,3,2021,t,f
20210912,2021-09-12,1,Sunday   ,12,255,36,9,September,3,2021,t,f
20210913,2021-09-13,2,Monday   ,13,256,37,9,September,3,2021,f,f
20210914,2021-09-14,3,Tuesday  ,14,257,37,9,September,3,2021,f,f
20210915,2021-09-15,4,Wednesday,15,258,37,9,September,3,2021,f,f
20210916,2021-09-16,5,Thursday ,16,259,37,9,September,3,2021,f,f
20210917,2021-09-17,6,Friday   ,17,260,37,9,September,3,2021,f,f
20210918,2021-09-18,7,Saturday ,18,261,37,9,September,3,2021,t,f
20210919,2021-09-19,1,Sunday   ,19,262,37,9,September,3,2021,t,f
20210920,2021-09-20,2,Monday   ,20,263,38,9,September,3,2021,f,f
20210921,2021-09-21,3,Tuesday  ,21,264,38,9,September,3,2021,f,f
20210922,2021-09-22,4,Wednesday,22,265,38,9,September,3,2021,f,f
20210923,2021-09-23,5,Thursday ,23,266,38,9,September,3,2021,f,f
20210924,2021-09-24,6,Friday   ,24,267,38,9,September,3,2021,f,f
20210925,2021-09-25,7,Saturday ,25,268,38,9,September,3,2021,t,f
20210926,2021-09-26,1,Sunday   ,26,269,38,9,September,3,2021,t,f
20210927,2021-09-27,2,Monday   ,27,270,39,9,September,3,2021,f,f
20210928,2021-09-28,3,Tuesday  ,28,271,39,9,September,3,2021,f,f
20210929,2021-09-29,4,Wednesday,29,272,39,9,September,3,2021,f,f
20210930,2021-09-30,5,Thursday ,30,273,39,9,September,3,2021,f,f
20211001,2021-10-01,6,Friday   ,1,274,39,10,October  ,4,2021,f,f
20211002,2021-10-02,7,Saturday ,2,275,39,10,October  ,4,2021,t,f
20211003,2021-10-03,1,Sunday   ,3,276,39,10,October  ,4,2021,t,f
20211004,2021-10-04,2,Monday   ,4,277,40,10,October  ,4,2021,f,f
20211005,2021-10-05,3,Tuesday  ,5,278,40,10,October  ,4,2021,f,f
20211006,2021-10-06,4,Wednesday,6,279,40,10,October  ,4,2021,f,f
20211007,2021-10-07,5,Thursday ,7,280,40,10,October  ,4,2021,f,f
20211008,2021-10-08,6,Friday   ,8,281,40,10,October  ,4,2021,f,f
20211009,2021-10-09,7,Saturday ,9,282,40,10,October  ,4,2021,t,f
20211010,2021-10-10,1,Sunday   ,10,283,40,10,October  ,4,2021,t,f
20211011,2021-10-11,2,Monday   ,11,284,41,10,October  ,4,2021,f,f
20211012,2021-10-12,3,Tuesday  ,12,285,41,10,October  ,4,2021,f,f
20211013,2021-10-13,4,Wednesday,13,286,41,10,October  ,4,2021,f,f
20211014,2021-10-14,5,Thursday ,14,287,41,10,October  ,4,2021,f,f
20211015,2021-10-15,6,Friday   ,15,288,41,10,October  ,4,2021,f,f
20211016,2021-10-16,7,Saturday ,16,289,41,10,October  ,4,2021,t,f
20211017,2021-10-17,1,Sunday   ,17,290,41,10,October  ,4,2021,t,f
20211018,2021-10-18,2,Monday   ,18,291,42,10,October  ,4,2021,f,f
20211019,2021-10-19,3,Tuesday  ,19,292,42,10,October  ,4,2021,f,f
20211020,2021-10-20,4,Wednesday,20,293,42,10,October  ,4,2021,f,f
20211021,2021-10-21,5,Thursday ,21,294,42,10,October  ,4,2021,f,f
20211022,2021-10-22,6,Friday   ,22,295,42,10,October  ,4,2021,f,f
20211023,2021-10-23,7,Saturday ,23,296,42,10,October  ,4,2021,t,f
20211024,2021-10-24,1,Sunday   ,24,297,42,10,October  ,4,2021,t,f
20211025,2021-10-25,2,Monday   ,25,298,43,10,October  ,4,2021,f,f
20211026,2021-10-26,3,Tuesday  ,26,299,43,10,October  ,4,2021,f,f
20211027,2021-10-27,4,Wednesday,27,300,43,10,October  ,4,2021,f,f
20211028,2021-10-28,5,Thursday ,28,301,43,10,October  ,4,2021,f,f
20211029,2021-10-29,6,Friday   ,29,302,43,10,October  ,4,2021,f,f
20211030,2021-10-30,7,Saturday ,30,303,43,10,October  ,4,2021,t,f
20211031,2021-10-31,1,Sunday   ,31,304,43,10,October  ,4,2021,t,f
20211101,2021-11-01,2,Monday   ,1,305,44,11,November ,4,2021,f,f
20211102,2021-11-02,3,Tuesday  ,2,306,44,11,November ,4,2021,f,f
20211103,2021-11-03,4,Wednesday,3,307,44,11,November ,4,2021,f,f
20211104,2021-11-04,5,Thursday ,4,308,44,11,November ,4,2021,f,f
20211105,2021-11-05,6,Friday   ,5,309,44,11,November ,4,2021,f,f
20211106,2021-11-06,7,Saturday ,6,310,44,11,November ,4,2021,t,f
20211107,2021-11-07,1,Sunday   ,7,311,44,11,November ,4,2021,t,f
20211108,2021-11-08,2,Monday   ,8,312,45,11,November ,4,2021,f,f
20211109,2021-11-09,3,Tuesday  ,9,313,45,11,November ,4,2021,f,f
20211110,2021-11-10,4,Wednesday,10,314,45,11,November ,4,2021,f,f
20211111,2021-11-11,5,Thursday ,11,315,45,11,November ,4,2021,f,f
20211112,2021-11-12,6,Friday   ,12,316,45,11,November ,4,2021,f,f
20211113,2021-11-13,7,Saturday ,13,317,45,11,November ,4,2021,t,f
20211114,2021-11-14,1,Sunday   ,14,318,45,11,November ,4,2021,t,f
20211115,2021-11-15,2,Monday   ,15,319,46,11,November ,4,2021,f,f
20211116,2021-11-16,3,Tuesday  ,16,320,46,11,November ,4,2021,f,f
20211117,2021-11-17,4,Wednesday,17,321,46,11,November ,4,2021,f,f
20211118,2021-11-18,5,Thursday ,18,322,46,11,November ,4,2021,f,f
20211119,2021-11-19,6,Friday   ,19,323,46,11,November ,4,2021,f,f
20211120,2021-11-20,7,Saturday ,20,324,46,11,November ,4,2021,t,f
20211121,2021-11-21,1,Sunday   ,21,325,46,11,November ,4,2021,t,f
20211122,2021-11-22,2,Monday   ,22,326,47,11,November ,4,2021,f,f
20211123,2021-11-23,3,Tuesday  ,23,327,47,11,November ,4,2021,f,f
20211124,2021-11-24,4,Wednesday,24,328,47,11,November ,4,2021,f,f
20211125,2021-11-25,5,Thursday ,25,329,47,11,November ,4,2021,f,f
20211126,2021-11-26,6,Friday   ,26,330,47,11,November ,4,2021,f,f
20211127,2021-11-27,7,Saturday ,27,331,47,11,November ,4,2021,t,f
20211128,2021-11-28,1,Sunday   ,28,332,47,11,November ,4,2021,t,f
20211129,2021-11-29,2,Monday   ,29,333,48,11,November ,4,2021,f,f
20211130,2021-11-30,3,Tuesday  ,30,334,48,11,November ,4,2021,f,f
20211201,2021-12-01,4,Wednesday,1,335,48,12,December ,4,2021,f,f
20211202,2021-12-02,5,Thursday ,2,336,48,12,December ,4,2021,f,f
20211203,2021-12-03,6,Friday   ,3,337,48,12,December ,4,2021,f,f
20211204,2021-12-04,7,Saturday ,4,338,48,12,December ,4,2021,t,f
20211205,2021-12-05,1,Sunday   ,5,339,48,12,December ,4,2021,t,f
20211206,2021-12-06,2,Monday   ,6,340,49,12,December ,4,2021,f,f
20211207,2021-12-07,3,Tuesday  ,7,341,49,12,December ,4,2021,f,f
20211208,2021-12-08,4,Wednesday,8,342,49,12,December ,4,2021,f,f
20211209,2021-12-09,5,Thursday ,9,343,49,12,December ,4,2021,f,f
20211210,2021-12-10,6,Friday   ,10,344,49,12,December ,4,2021,f,f
20211211,2021-12-11,7,Saturday ,11,345,49,12,December ,4,2021,t,f
20211212,2021-12-12,1,Sunday   ,12,346,49,12,December ,4,2021,t,f
20211213,2021-12-13,2,Monday   ,13,347,50,12,December ,4,2021,f,f
20211214,2021-12-14,3,Tuesday  ,14,348,50,12,December ,4,2021,f,f
20211215,2021-12-15,4,Wednesday,15,349,50,12,December ,4,2021,f,f
20211216,2021-12-16,5,Thursday ,16,350,50,12,December ,4,2021,f,f
20211217,2021-12-17,6,Friday   ,17,351,50,12,December ,4,2021,f,f
20211218,2021-12-18,7,Saturday ,18,352,50,12,December ,4,2021,t,f
20211219,2021-12-19,1,Sunday   ,19,353,50,12,December ,4,2021,t,f
20211220,2021-12-20,2,Monday   ,20,354,51,12,December ,4,2021,f,f
20211221,2021-12-21,3,Tuesday  ,21,355,51,12,December ,4,2021,f,f
20211222,2021-12-22,4,Wednesday,22,356,51,12,December ,4,2021,f,f
20211223,2021-12-23,5,Thursday ,23,357,51,12,December ,4,2021,f,f
20211224,2021-12-24,6,Friday   ,24,358,51,12,December ,4,2021,f,f
20211225,2021-12-25,7,Saturday ,25,359,51,12,December ,4,2021,t,f
20211226,2021-12-26,1,Sunday   ,26,360,51,12,December ,4,2021,t,f
20211227,2021-12-27,2,Monday   ,27,361,52,12,December ,4,2021,f,f
20211228,2021-12-28,3,Tuesday  ,28,362,52,12,December ,4,2021,f,f
20211229,2021-12-29,4,Wednesday,29,363,52,12,December ,4,2021,f,f
20211230,2021-12-30,5,Thursday ,30,364,52,12,December ,4,2021,f,f
20211231,2021-12-31,6,Friday   ,31,365,52,12,December ,4,2021,f,f
20220101,2022-01-01,7,Saturday ,1,1,52,1,January  ,1,2022,t,f
20220102,2022-01-02,1,Sunday   ,2,2,52,1,January  ,1,2022,t,f
20220103,2022-01-03,2,Monday   ,3,3,1,1,January  ,1,2022,f,f
20220104,2022-01-04,3,Tuesday  ,4,4,1,1,January  ,1,2022,f,f
20220105,2022-01-05,4,Wednesday,5,5,1,1,January  ,1,2022,f,f
20220106,2022-01-06,5,Thursday ,6,6,1,1,January  ,1,2022,f,f
20220107,2022-01-07,6,Friday   ,7,7,1,1,January  ,1,2022,f,f
20220108,2022-01-08,7,Saturday ,8,8,1,1,January  ,1,2022,t,f
20220109,2022-01-09,1,Sunday   ,9,9,1,1,January  ,1,2022,t,f
20220110,2022-01-10,2,Monday   ,10,10,2,1,January  ,1,2022,f,f
20220111,2022-01-11,3,Tuesday  ,11,11,2,1,January  ,1,2022,f,f
20220112,2022-01-12,4,Wednesday,12,12,2,1,January  ,1,2022,f,f
20220113,2022-01-13,5,Thursday ,13,13,2,1,January  ,1,2022,f,f
20220114,2022-01-14,6,Friday   ,14,14,2,1,January  ,1,2022,f,f
20220115,2022-01-15,7,Saturday ,15,15,2,1,January  ,1,2022,t,f
20220116,2022-01-16,1,Sunday   ,16,16,2,1,January  ,1,2022,t,f
20220117,2022-01-17,2,Monday   ,17,17,3,1,January  ,1,2022,f,f
20220118,2022-01-18,3,Tuesday  ,18,18,3,1,January  ,1,2022,f,f
20220119,2022-01-19,4,Wednesday,19,19,3,1,January  ,1,2022,f,f
20220120,2022-01-20,5,Thursday ,20,20,3,1,January  ,1,2022,f,f
20220121,2022-01-21,6,Friday   ,21,21,3,1,January  ,1,2022,f,f
20220122,2022-01-22,7,Saturday ,22,22,3,1,January  ,1,2022,t,f
20220123,2022-01-23,1,Sunday   ,23,23,3,1,January  ,1,2022,t,f
20220124,2022-01-24,2,Monday   ,24,24,4,1,January  ,1,2022,f,f
20220125,2022-01-25,3,Tuesday  ,25,25,4,1,January  ,1,2022,f,f
20220126,2022-01-26,4,Wednesday,26,26,4,1,January  ,1,2022,f,f
20220127,2022-01-27,5,Thursday ,27,27,4,1,January  ,1,2022,f,f
20220128,2022-01-28,6,Friday   ,28,28,4,1,January  ,1,2022,f,f
20220129,2022-01-29,7,Saturday ,29,29,4,1,January  ,1,2022,t,f
20220130,2022-01-30,1,Sunday   ,30,30,4,1,January  ,1,2022,t,f
20220131,2022-01-31,2,Monday   ,31,31,5,1,January  ,1,2022,f,f
20220201,2022-02-01,3,Tuesday  ,1,32,5,2,February ,1,2022,f,f
20220202,2022-02-02,4,Wednesday,2,33,5,2,February ,1,2022,f,f
20220203,2022-02-03,5,Thursday ,3,34,5,2,February ,1,2022,f,f
20220204,2022-02-04,6,Friday   ,4,35,5,2,February ,1,2022,f,f
20220205,2022-02-05,7,Saturday ,5,36,5,2,February ,1,2022,t,f
20220206,2022-02-06,1,Sunday   ,6,37,5,2,February ,1,2022,t,f
20220207,2022-02-07,2,Monday   ,7,38,6,2,February ,1,2022,f,f
20220208,2022-02-08,3,Tuesday  ,8,39,6,2,February ,1,2022,f,f
20220209,2022-02-09,4,Wednesday,9,40,6,2,February ,1,2022,f,f
20220210,2022-02-10,5,Thursday ,10,41,6,2,February ,1,2022,f,f
20220211,2022-02-11,6,Friday   ,11,42,6,2,February ,1,2022,f,f
20220212,2022-02-12,7,Saturday ,12,43,6,2,February ,1,2022,t,f
20220213,2022-02-13,1,Sunday   ,13,44,6,2,February ,1,2022,t,f
20220214,2022-02-14,2,Monday   ,14,45,7,2,February ,1,2022,f,f
20220215,2022-02-15,3,Tuesday  ,15,46,7,2,February ,1,2022,f,f
20220216,2022-02-16,4,Wednesday,16,47,7,2,February ,1,2022,f,f
20220217,2022-02-17,5,Thursday ,17,48,7,2,February ,1,2022,f,f
20220218,2022-02-18,6,Friday   ,18,49,7,2,February ,1,2022,f,f
20220219,2022-02-19,7,Saturday ,19,50,7,2,February ,1,2022,t,f
20220220,2022-02-20,1,Sunday   ,20,51,7,2,February ,1,2022,t,f
20220221,2022-02-21,2,Monday   ,21,52,8,2,February ,1,2022,f,f
20220222,2022-02-22,3,Tuesday  ,22,53,8,2,February ,1,2022,f,f
20220223,2022-02-23,4,Wednesday,23,54,8,2,February ,1,2022,f,f
20220224,2022-02-24,5,Thursday ,24,55,8,2,February ,1,2022,f,f
20220225,2022-02-25,6,Friday   ,25,56,8,2,February ,1,2022,f,f
20220226,2022-02-26,7,Saturday ,26,57,8,2,February ,1,2022,t,f
20220227,2022-02-27,1,Sunday   ,27,58,8,2,February ,1,2022,t,f
20220228,2022-02-28,2,Monday   ,28,59,9,2,February ,1,2022,f,f
20220301,2022-03-01,3,Tuesday  ,1,60,9,3,March    ,1,2022,f,f
20220302,2022-03-02,4,Wednesday,2,61,9,3,March    ,1,2022,f,f
20220303,2022-03-03,5,Thursday ,3,62,9,3,March    ,1,2022,f,f
20220304,2022-03-04,6,Friday   ,4,63,9,3,March    ,1,2022,f,f
20220305,2022-03-05,7,Saturday ,5,64,9,3,March    ,1,2022,t,f
20220306,2022-03-06,1,Sunday   ,6,65,9,3,March    ,1,2022,t,f
20220307,2022-03-07,2,Monday   ,7,66,10,3,March    ,1,2022,f,f
20220308,2022-03-08,3,Tuesday  ,8,67,10,3,March    ,1,2022,f,f
20220309,2022-03-09,4,Wednesday,9,68,10,3,March    ,1,2022,f,f
20220310,2022-03-10,5,Thursday ,10,69,10,3,March    ,1,2022,f,f
20220311,2022-03-11,6,Friday   ,11,70,10,3,March    ,1,2022,f,f
20220312,2022-03-12,7,Saturday ,12,71,10,3,March    ,1,2022,t,f
20220313,2022-03-13,1,Sunday   ,13,72,10,3,March    ,1,2022,t,f
20220314,2022-03-14,2,Monday   ,14,73,11,3,March    ,1,2022,f,f
20220315,2022-03-15,3,Tuesday  ,15,74,11,3,March    ,1,2022,f,f
20220316,2022-03-16,4,Wednesday,16,75,11,3,March    ,1,2022,f,f
20220317,2022-03-17,5,Thursday ,17,76,11,3,March    ,1,2022,f,f
20220318,2022-03-18,6,Friday   ,18,77,11,3,March    ,1,2022,f,f
20220319,2022-03-19,7,Saturday ,19,78,11,3,March    ,1,2022,t,f
20220320,2022-03-20,1,Sunday   ,20,79,11,3,March    ,1,2022,t,f
20220321,2022-03-21,2,Monday   ,21,80,12,3,March    ,1,2022,f,f
20220322,2022-03-22,3,Tuesday  ,22,81,12,3,March    ,1,2022,f,f
20220323,2022-03-23,4,Wednesday,23,82,12,3,March    ,1,2022,f,f
20220324,2022-03-24,5,Thursday ,24,83,12,3,March    ,1,2022,f,f
20220325,2022-03-25,6,Friday   ,25,84,12,3,March    ,1,2022,f,f
20220326,2022-03-26,7,Saturday ,26,85,12,3,March    ,1,2022,t,f
20220327,2022-03-27,1,Sunday   ,27,86,12,3,March    ,1,2022,t,f
20220328,2022-03-28,2,Monday   ,28,87,13,3,March    ,1,2022,f,f
20220329,2022-03-29,3,Tuesday  ,29,88,13,3,March    ,1,2022,f,f
20220330,2022-03-30,4,Wednesday,30,89,13,3,March    ,1,2022,f,f
20220331,2022-03-31,5,Thursday ,31,90,13,3,March    ,1,2022,f,f
20220401,2022-04-01,6,Friday   ,1,91,13,4,April    ,2,2022,f,f
20220402,2022-04-02,7,Saturday ,2,92,13,4,April    ,2,2022,t,f
20220403,2022-04-03,1,Sunday   ,3,93,13,4,April    ,2,2022,t,f
20220404,2022-04-04,2,Monday   ,4,94,14,4,April    ,2,2022,f,f
20220405,2022-04-05,3,Tuesday  ,5,95,14,4,April    ,2,2022,f,f
20220406,2022-04-06,4,Wednesday,6,96,14,4,April    ,2,2022,f,f
20220407,2022-04-07,5,Thursday ,7,97,14,4,April    ,2,2022,f,f
20220408,2022-04-08,6,Friday   ,8,98,14,4,April    ,2,2022,f,f
20220409,2022-04-09,7,Saturday ,9,99,14,4,April    ,2,2022,t,f
20220410,2022-04-10,1,Sunday   ,10,100,14,4,April    ,2,2022,t,f
20220411,2022-04-11,2,Monday   ,11,101,15,4,April    ,2,2022,f,f
20220412,2022-04-12,3,Tuesday  ,12,102,15,4,April    ,2,2022,f,f
20220413,2022-04-13,4,Wednesday,13,103,15,4,April    ,2,2022,f,f
20220414,2022-04-14,5,Thursday ,14,104,15,4,April    ,2,2022,f,f
20220415,2022-04-15,6,Friday   ,15,105,15,4,April    ,2,2022,f,f
20220416,2022-04-16,7,Saturday ,16,106,15,4,April    ,2,2022,t,f
20220417,2022-04-17,1,Sunday   ,17,107,15,4,April    ,2,2022,t,f
20220418,2022-04-18,2,Monday   ,18,108,16,4,April    ,2,2022,f,f
20220419,2022-04-19,3,Tuesday  ,19,109,16,4,April    ,2,2022,f,f
20220420,2022-04-20,4,Wednesday,20,110,16,4,April    ,2,2022,f,f
20220421,2022-04-21,5,Thursday ,21,111,16,4,April    ,2,2022,f,f
20220422,2022-04-22,6,Friday   ,22,112,16,4,April    ,2,2022,f,f
20220423,2022-04-23,7,Saturday ,23,113,16,4,April    ,2,2022,t,f
20220424,2022-04-24,1,Sunday   ,24,114,16,4,April    ,2,2022,t,f
20220425,2022-04-25,2,Monday   ,25,115,17,4,April    ,2,2022,f,f
20220426,2022-04-26,3,Tuesday  ,26,116,17,4,April    ,2,2022,f,f
20220427,2022-04-27,4,Wednesday,27,117,17,4,April    ,2,2022,f,f
20220428,2022-04-28,5,Thursday ,28,118,17,4,April    ,2,2022,f,f
20220429,2022-04-29,6,Friday   ,29,119,17,4,April    ,2,2022,f,f
20220430,2022-04-30,7,Saturday ,30,120,17,4,April    ,2,2022,t,f
20220501,2022-05-01,1,Sunday   ,1,121,17,5,May      ,2,2022,t,f
20220502,2022-05-02,2,Monday   ,2,122,18,5,May      ,2,2022,f,f
20220503,2022-05-03,3,Tuesday  ,3,123,18,5,May      ,2,2022,f,f
20220504,2022-05-04,4,Wednesday,4,124,18,5,May      ,2,2022,f,f
20220505,2022-05-05,5,Thursday ,5,125,18,5,May      ,2,2022,f,f
20220506,2022-05-06,6,Friday   ,6,126,18,5,May      ,2,2022,f,f
20220507,2022-05-07,7,Saturday ,7,127,18,5,May      ,2,2022,t,f
20220508,2022-05-08,1,Sunday   ,8,128,18,5,May      ,2,2022,t,f
20220509,2022-05-09,2,Monday   ,9,129,19,5,May      ,2,2022,f,f
20220510,2022-05-10,3,Tuesday  ,10,130,19,5,May      ,2,2022,f,f
20220511,2022-05-11,4,Wednesday,11,131,19,5,May      ,2,2022,f,f
20220512,2022-05-12,5,Thursday ,12,132,19,5,May      ,2,2022,f,f
20220513,2022-05-13,6,Friday   ,13,133,19,5,May      ,2,2022,f,f
20220514,2022-05-14,7,Saturday ,14,134,19,5,May      ,2,2022,t,f
20220515,2022-05-15,1,Sunday   ,15,135,19,5,May      ,2,2022,t,f
20220516,2022-05-16,2,Monday   ,16,136,20,5,May      ,2,2022,f,f
20220517,2022-05-17,3,Tuesday  ,17,137,20,5,May      ,2,2022,f,f
20220518,2022-05-18,4,Wednesday,18,138,20,5,May      ,2,2022,f,f
20220519,2022-05-19,5,Thursday ,19,139,20,5,May      ,2,2022,f,f
20220520,2022-05-20,6,Friday   ,20,140,20,5,May      ,2,2022,f,f
20220521,2022-05-21,7,Saturday ,21,141,20,5,May      ,2,2022,t,f
20220522,2022-05-22,1,Sunday   ,22,142,20,5,May      ,2,2022,t,f
20220523,2022-05-23,2,Monday   ,23,143,21,5,May      ,2,2022,f,f
20220524,2022-05-24,3,Tuesday  ,24,144,21,5,May      ,2,2022,f,f
20220525,2022-05-25,4,Wednesday,25,145,21,5,May      ,2,2022,f,f
20220526,2022-05-26,5,Thursday ,26,146,21,5,May      ,2,2022,f,f
20220527,2022-05-27,6,Friday   ,27,147,21,5,May      ,2,2022,f,f
20220528,2022-05-28,7,Saturday ,28,148,21,5,May      ,2,2022,t,f
20220529,2022-05-29,1,Sunday   ,29,149,21,5,May      ,2,2022,t,f
20220530,2022-05-30,2,Monday   ,30,150,22,5,May      ,2,2022,f,f
20220531,2022-05-31,3,Tuesday  ,31,151,22,5,May      ,2,2022,f,f
20220601,2022-06-01,4,Wednesday,1,152,22,6,June     ,2,2022,f,f
20220602,2022-06-02,5,Thursday ,2,153,22,6,June     ,2,2022,f,f
20220603,2022-06-03,6,Friday   ,3,154,22,6,June     ,2,2022,f,f
20220604,2022-06-04,7,Saturday ,4,155,22,6,June     ,2,2022,t,f
20220605,2022-06-05,1,Sunday   ,5,156,22,6,June     ,2,2022,t,f
20220606,2022-06-06,2,Monday   ,6,157,23,6,June     ,2,2022,f,f
20220607,2022-06-07,3,Tuesday  ,7,158,23,6,June     ,2,2022,f,f
20220608,2022-06-08,4,Wednesday,8,159,23,6,June     ,2,2022,f,f
20220609,2022-06-09,5,Thursday ,9,160,23,6,June     ,2,2022,f,f
20220610,2022-06-10,6,Friday   ,10,161,23,6,June     ,2,2022,f,f
20220611,2022-06-11,7,Saturday ,11,162,23,6,June     ,2,2022,t,f
20220612,2022-06-12,1,Sunday   ,12,163,23,6,June     ,2,2022,t,f
20220613,2022-06-13,2,Monday   ,13,164,24,6,June     ,2,2022,f,f
20220614,2022-06-14,3,Tuesday  ,14,165,24,6,June     ,2,2022,f,f
20220615,2022-06-15,4,Wednesday,15,166,24,6,June     ,2,2022,f,f
20220616,2022-06-16,5,Thursday ,16,167,24,6,June     ,2,2022,f,f
20220617,2022-06-17,6,Friday   ,17,168,24,6,June     ,2,2022,f,f
20220618,2022-06-18,7,Saturday ,18,169,24,6,June     ,2,2022,t,f
20220619,2022-06-19,1,Sunday   ,19,170,24,6,June     ,2,2022,t,f
20220620,2022-06-20,2,Monday   ,20,171,25,6,June     ,2,2022,f,f
20220621,2022-06-21,3,Tuesday  ,21,172,25,6,June     ,2,2022,f,f
20220622,2022-06-22,4,Wednesday,22,173,25,6,June     ,2,2022,f,f
20220623,2022-06-23,5,Thursday ,23,174,25,6,June     ,2,2022,f,f
20220624,2022-06-24,6,Friday   ,24,175,25,6,June     ,2,2022,f,f
20220625,2022-06-25,7,Saturday ,25,176,25,6,June     ,2,2022,t,f
20220626,2022-06-26,1,Sunday   ,26,177,25,6,June     ,2,2022,t,f
20220627,2022-06-27,2,Monday   ,27,178,26,6,June     ,2,2022,f,f
20220628,2022-06-28,3,Tuesday  ,28,179,26,6,June     ,2,2022,f,f
20220629,2022-06-29,4,Wednesday,29,180,26,6,June     ,2,2022,f,f
20220630,2022-06-30,5,Thursday ,30,181,26,6,June     ,2,2022,f,f
20220701,2022-07-01,6,Friday   ,1,182,26,7,July     ,3,2022,f,f
20220702,2022-07-02,7,Saturday ,2,183,26,7,July     ,3,2022,t,f
20220703,2022-07-03,1,Sunday   ,3,184,26,7,July     ,3,2022,t,f
20220704,2022-07-04,2,Monday   ,4,185,27,7,July     ,3,2022,f,f
20220705,2022-07-05,3,Tuesday  ,5,186,27,7,July     ,3,2022,f,f
20220706,2022-07-06,4,Wednesday,6,187,27,7,July     ,3,2022,f,f
20220707,2022-07-07,5,Thursday ,7,188,27,7,July     ,3,2022,f,f
20220708,2022-07-08,6,Friday   ,8,189,27,7,July     ,3,2022,f,f
20220709,2022-07-09,7,Saturday ,9,190,27,7,July     ,3,2022,t,f
20220710,2022-07-10,1,Sunday   ,10,191,27,7,July     ,3,2022,t,f
20220711,2022-07-11,2,Monday   ,11,192,28,7,July     ,3,2022,f,f
20220712,2022-07-12,3,Tuesday  ,12,193,28,7,July     ,3,2022,f,f
20220713,2022-07-13,4,Wednesday,13,194,28,7,July     ,3,2022,f,f
20220714,2022-07-14,5,Thursday ,14,195,28,7,July     ,3,2022,f,f
20220715,2022-07-15,6,Friday   ,15,196,28,7,July     ,3,2022,f,f
20220716,2022-07-16,7,Saturday ,16,197,28,7,July     ,3,2022,t,f
20220717,2022-07-17,1,Sunday   ,17,198,28,7,July     ,3,2022,t,f
20220718,2022-07-18,2,Monday   ,18,199,29,7,July     ,3,2022,f,f
20220719,2022-07-19,3,Tuesday  ,19,200,29,7,July     ,3,2022,f,f
20220720,2022-07-20,4,Wednesday,20,201,29,7,July     ,3,2022,f,f
20220721,2022-07-21,5,Thursday ,21,202,29,7,July     ,3,2022,f,f
20220722,2022-07-22,6,Friday   ,22,203,29,7,July     ,3,2022,f,f
20220723,2022-07-23,7,Saturday ,23,204,29,7,July     ,3,2022,t,f
20220724,2022-07-24,1,Sunday   ,24,205,29,7,July     ,3,2022,t,f
20220725,2022-07-25,2,Monday   ,25,206,30,7,July     ,3,2022,f,f
20220726,2022-07-26,3,Tuesday  ,26,207,30,7,July     ,3,2022,f,f
20220727,2022-07-27,4,Wednesday,27,208,30,7,July     ,3,2022,f,f
20220728,2022-07-28,5,Thursday ,28,209,30,7,July     ,3,2022,f,f
20220729,2022-07-29,6,Friday   ,29,210,30,7,July     ,3,2022,f,f
20220730,2022-07-30,7,Saturday ,30,211,30,7,July     ,3,2022,t,f
20220731,2022-07-31,1,Sunday   ,31,212,30,7,July     ,3,2022,t,f
20220801,2022-08-01,2,Monday   ,1,213,31,8,August   ,3,2022,f,f
20220802,2022-08-02,3,Tuesday  ,2,214,31,8,August   ,3,2022,f,f
20220803,2022-08-03,4,Wednesday,3,215,31,8,August   ,3,2022,f,f
20220804,2022-08-04,5,Thursday ,4,216,31,8,August   ,3,2022,f,f
20220805,2022-08-05,6,Friday   ,5,217,31,8,August   ,3,2022,f,f
20220806,2022-08-06,7,Saturday ,6,218,31,8,August   ,3,2022,t,f
20220807,2022-08-07,1,Sunday   ,7,219,31,8,August   ,3,2022,t,f
20220808,2022-08-08,2,Monday   ,8,220,32,8,August   ,3,2022,f,f
20220809,2022-08-09,3,Tuesday  ,9,221,32,8,August   ,3,2022,f,f
20220810,2022-08-10,4,Wednesday,10,222,32,8,August   ,3,2022,f,f
20220811,2022-08-11,5,Thursday ,11,223,32,8,August   ,3,2022,f,f
20220812,2022-08-12,6,Friday   ,12,224,32,8,August   ,3,2022,f,f
20220813,2022-08-13,7,Saturday ,13,225,32,8,August   ,3,2022,t,f
20220814,2022-08-14,1,Sunday   ,14,226,32,8,August   ,3,2022,t,f
20220815,2022-08-15,2,Monday   ,15,227,33,8,August   ,3,2022,f,f
20220816,2022-08-16,3,Tuesday  ,16,228,33,8,August   ,3,2022,f,f
20220817,2022-08-17,4,Wednesday,17,229,33,8,August   ,3,2022,f,f
20220818,2022-08-18,5,Thursday ,18,230,33,8,August   ,3,2022,f,f
20220819,2022-08-19,6,Friday   ,19,231,33,8,August   ,3,2022,f,f
20220820,2022-08-20,7,Saturday ,20,232,33,8,August   ,3,2022,t,f
20220821,2022-08-21,1,Sunday   ,21,233,33,8,August   ,3,2022,t,f
20220822,2022-08-22,2,Monday   ,22,234,34,8,August   ,3,2022,f,f
20220823,2022-08-23,3,Tuesday  ,23,235,34,8,August   ,3,2022,f,f
20220824,2022-08-24,4,Wednesday,24,236,34,8,August   ,3,2022,f,f
20220825,2022-08-25,5,Thursday ,25,237,34,8,August   ,3,2022,f,f
20220826,2022-08-26,6,Friday   ,26,238,34,8,August   ,3,2022,f,f
20220827,2022-08-27,7,Saturday ,27,239,34,8,August   ,3,2022,t,f
20220828,2022-08-28,1,Sunday   ,28,240,34,8,August   ,3,2022,t,f
20220829,2022-08-29,2,Monday   ,29,241,35,8,August   ,3,2022,f,f
20220830,2022-08-30,3,Tuesday  ,30,242,35,8,August   ,3,2022,f,f
20220831,2022-08-31,4,Wednesday,31,243,35,8,August   ,3,2022,f,f
20220901,2022-09-01,5,Thursday ,1,244,35,9,September,3,2022,f,f
20220902,2022-09-02,6,Friday   ,2,245,35,9,September,3,2022,f,f
20220903,2022-09-03,7,Saturday ,3,246,35,9,September,3,2022,t,f
20220904,2022-09-04,1,Sunday   ,4,247,35,9,September,3,2022,t,f
20220905,2022-09-05,2,Monday   ,5,248,36,9,September,3,2022,f,f
20220906,2022-09-06,3,Tuesday  ,6,249,36,9,September,3,2022,f,f
20220907,2022-09-07,4,Wednesday,7,250,36,9,September,3,2022,f,f
20220908,2022-09-08,5,Thursday ,8,251,36,9,September,3,2022,f,f
20220909,2022-09-09,6,Friday   ,9,252,36,9,September,3,2022,f,f
20220910,2022-09-10,7,Saturday ,10,253,36,9,September,3,2022,t,f
20220911,2022-09-11,1,Sunday   ,11,254,36,9,September,3,2022,t,f
20220912,2022-09-12,2,Monday   ,12,255,37,9,September,3,2022,f,f
20220913,2022-09-13,3,Tuesday  ,13,256,37,9,September,3,2022,f,f
20220914,2022-09-14,4,Wednesday,14,257,37,9,September,3,2022,f,f
20220915,2022-09-15,5,Thursday ,15,258,37,9,September,3,2022,f,f
20220916,2022-09-16,6,Friday   ,16,259,37,9,September,3,2022,f,f
20220917,2022-09-17,7,Saturday ,17,260,37,9,September,3,2022,t,f
20220918,2022-09-18,1,Sunday   ,18,261,37,9,September,3,2022,t,f
20220919,2022-09-19,2,Monday   ,19,262,38,9,September,3,2022,f,f
20220920,2022-09-20,3,Tuesday  ,20,263,38,9,September,3,2022,f,f
20220921,2022-09-21,4,Wednesday,21,264,38,9,September,3,2022,f,f
20220922,2022-09-22,5,Thursday ,22,265,38,9,September,3,2022,f,f
20220923,2022-09-23,6,Friday   ,23,266,38,9,September,3,2022,f,f
20220924,2022-09-24,7,Saturday ,24,267,38,9,September,3,2022,t,f
20220925,2022-09-25,1,Sunday   ,25,268,38,9,September,3,2022,t,f
20220926,2022-09-26,2,Monday   ,26,269,39,9,September,3,2022,f,f
20220927,2022-09-27,3,Tuesday  ,27,270,39,9,September,3,2022,f,f
20220928,2022-09-28,4,Wednesday,28,271,39,9,September,3,2022,f,f
20220929,2022-09-29,5,Thursday ,29,272,39,9,September,3,2022,f,f
20220930,2022-09-30,6,Friday   ,30,273,39,9,September,3,2022,f,f
20221001,2022-10-01,7,Saturday ,1,274,39,10,October  ,4,2022,t,f
20221002,2022-10-02,1,Sunday   ,2,275,39,10,October  ,4,2022,t,f
20221003,2022-10-03,2,Monday   ,3,276,40,10,October  ,4,2022,f,f
20221004,2022-10-04,3,Tuesday  ,4,277,40,10,October  ,4,2022,f,f
20221005,2022-10-05,4,Wednesday,5,278,40,10,October  ,4,2022,f,f
20221006,2022-10-06,5,Thursday ,6,279,40,10,October  ,4,2022,f,f
20221007,2022-10-07,6,Friday   ,7,280,40,10,October  ,4,2022,f,f
20221008,2022-10-08,7,Saturday ,8,281,40,10,October  ,4,2022,t,f
20221009,2022-10-09,1,Sunday   ,9,282,40,10,October  ,4,2022,t,f
20221010,2022-10-10,2,Monday   ,10,283,41,10,October  ,4,2022,f,f
20221011,2022-10-11,3,Tuesday  ,11,284,41,10,October  ,4,2022,f,f
20221012,2022-10-12,4,Wednesday,12,285,41,10,October  ,4,2022,f,f
20221013,2022-10-13,5,Thursday ,13,286,41,10,October  ,4,2022,f,f
20221014,2022-10-14,6,Friday   ,14,287,41,10,October  ,4,2022,f,f
20221015,2022-10-15,7,Saturday ,15,288,41,10,October  ,4,2022,t,f
20221016,2022-10-16,1,Sunday   ,16,289,41,10,October  ,4,2022,t,f
20221017,2022-10-17,2,Monday   ,17,290,42,10,October  ,4,2022,f,f
20221018,2022-10-18,3,Tuesday  ,18,291,42,10,October  ,4,2022,f,f
20221019,2022-10-19,4,Wednesday,19,292,42,10,October  ,4,2022,f,f
20221020,2022-10-20,5,Thursday ,20,293,42,10,October  ,4,2022,f,f
20221021,2022-10-21,6,Friday   ,21,294,42,10,October  ,4,2022,f,f
20221022,2022-10-22,7,Saturday ,22,295,42,10,October  ,4,2022,t,f
20221023,2022-10-23,1,Sunday   ,23,296,42,10,October  ,4,2022,t,f
20221024,2022-10-24,2,Monday   ,24,297,43,10,October  ,4,2022,f,f
20221025,2022-10-25,3,Tuesday  ,25,298,43,10,October  ,4,2022,f,f
20221026,2022-10-26,4,Wednesday,26,299,43,10,October  ,4,2022,f,f
20221027,2022-10-27,5,Thursday ,27,300,43,10,October  ,4,2022,f,f
20221028,2022-10-28,6,Friday   ,28,301,43,10,October  ,4,2022,f,f
20221029,2022-10-29,7,Saturday ,29,302,43,10,October  ,4,2022,t,f
20221030,2022-10-30,1,Sunday   ,30,303,43,10,October  ,4,2022,t,f
20221031,2022-10-31,2,Monday   ,31,304,44,10,October  ,4,2022,f,f
20221101,2022-11-01,3,Tuesday  ,1,305,44,11,November ,4,2022,f,f
20221102,2022-11-02,4,Wednesday,2,306,44,11,November ,4,2022,f,f
20221103,2022-11-03,5,Thursday ,3,307,44,11,November ,4,2022,f,f
20221104,2022-11-04,6,Friday   ,4,308,44,11,November ,4,2022,f,f
20221105,2022-11-05,7,Saturday ,5,309,44,11,November ,4,2022,t,f
20221106,2022-11-06,1,Sunday   ,6,310,44,11,November ,4,2022,t,f
20221107,2022-11-07,2,Monday   ,7,311,45,11,November ,4,2022,f,f
20221108,2022-11-08,3,Tuesday  ,8,312,45,11,November ,4,2022,f,f
20221109,2022-11-09,4,Wednesday,9,313,45,11,November ,4,2022,f,f
20221110,2022-11-10,5,Thursday ,10,314,45,11,November ,4,2022,f,f
20221111,2022-11-11,6,Friday   ,11,315,45,11,November ,4,2022,f,f
20221112,2022-11-12,7,Saturday ,12,316,45,11,November ,4,2022,t,f
20221113,2022-11-13,1,Sunday   ,13,317,45,11,November ,4,2022,t,f
20221114,2022-11-14,2,Monday   ,14,318,46,11,November ,4,2022,f,f
20221115,2022-11-15,3,Tuesday  ,15,319,46,11,November ,4,2022,f,f
20221116,2022-11-16,4,Wednesday,16,320,46,11,November ,4,2022,f,f
20221117,2022-11-17,5,Thursday ,17,321,46,11,November ,4,2022,f,f
20221118,2022-11-18,6,Friday   ,18,322,46,11,November ,4,2022,f,f
20221119,2022-11-19,7,Saturday ,19,323,46,11,November ,4,2022,t,f
20221120,2022-11-20,1,Sunday   ,20,324,46,11,November ,4,2022,t,f
20221121,2022-11-21,2,Monday   ,21,325,47,11,November ,4,2022,f,f
20221122,2022-11-22,3,Tuesday  ,22,326,47,11,November ,4,2022,f,f
20221123,2022-11-23,4,Wednesday,23,327,47,11,November ,4,2022,f,f
20221124,2022-11-24,5,Thursday ,24,328,47,11,November ,4,2022,f,f
20221125,2022-11-25,6,Friday   ,25,329,47,11,November ,4,2022,f,f
20221126,2022-11-26,7,Saturday ,26,330,47,11,November ,4,2022,t,f
20221127,2022-11-27,1,Sunday   ,27,331,47,11,November ,4,2022,t,f
20221128,2022-11-28,2,Monday   ,28,332,48,11,November ,4,2022,f,f
20221129,2022-11-29,3,Tuesday  ,29,333,48,11,November ,4,2022,f,f
20221130,2022-11-30,4,Wednesday,30,334,48,11,November ,4,2022,f,f
20221201,2022-12-01,5,Thursday ,1,335,48,12,December ,4,2022,f,f
20221202,2022-12-02,6,Friday   ,2,336,48,12,December ,4,2022,f,f
20221203,2022-12-03,7,Saturday ,3,337,48,12,December ,4,2022,t,f
20221204,2022-12-04,1,Sunday   ,4,338,48,12,December ,4,2022,t,f
20221205,2022-12-05,2,Monday   ,5,339,49,12,December ,4,2022,f,f
20221206,2022-12-06,3,Tuesday  ,6,340,49,12,December ,4,2022,f,f
20221207,2022-12-07,4,Wednesday,7,341,49,12,December ,4,2022,f,f
20221208,2022-12-08,5,Thursday ,8,342,49,12,December ,4,2022,f,f
20221209,2022-12-09,6,Friday   ,9,343,49,12,December ,4,2022,f,f
20221210,2022-12-10,7,Saturday ,10,344,49,12,December ,4,2022,t,f
20221211,2022-12-11,1,Sunday   ,11,345,49,12,December ,4,2022,t,f
20221212,2022-12-12,2,Monday   ,12,346,50,12,December ,4,2022,f,f
20221213,2022-12-13,3,Tuesday  ,13,347,50,12,December ,4,2022,f,f
20221214,2022-12-14,4,Wednesday,14,348,50,12,December ,4,2022,f,f
20221215,2022-12-15,5,Thursday ,15,349,50,12,December ,4,2022,f,f
20221216,2022-12-16,6,Friday   ,16,350,50,12,December ,4,2022,f,f
20221217,2022-12-17,7,Saturday ,17,351,50,12,December ,4,2022,t,f
20221218,2022-12-18,1,Sunday   ,18,352,50,12,December ,4,2022,t,f
20221219,2022-12-19,2,Monday   ,19,353,51,12,December ,4,2022,f,f
20221220,2022-12-20,3,Tuesday  ,20,354,51,12,December ,4,2022,f,f
20221221,2022-12-21,4,Wednesday,21,355,51,12,December ,4,2022,f,f
20221222,2022-12-22,5,Thursday ,22,356,51,12,December ,4,2022,f,f
20221223,2022-12-23,6,Friday   ,23,357,51,12,December ,4,2022,f,f
20221224,2022-12-24,7,Saturday ,24,358,51,12,December ,4,2022,t,f
20221225,2022-12-25,1,Sunday   ,25,359,51,12,December ,4,2022,t,f
20221226,2022-12-26,2,Monday   ,26,360,52,12,December ,4,2022,f,f
20221227,2022-12-27,3,Tuesday  ,27,361,52,12,December ,4,2022,f,f
20221228,2022-12-28,4,Wednesday,28,362,52,12,December ,4,2022,f,f
20221229,2022-12-29,5,Thursday ,29,363,52,12,December ,4,2022,f,f
20221230,2022-12-30,6,Friday   ,30,364,52,12,December ,4,2022,f,f
20221231,2022-12-31,7,Saturday ,31,365,52,12,December ,4,2022,t,f
20230101,2023-01-01,1,Sunday   ,1,1,52,1,January  ,1,2023,t,f
20230102,2023-01-02,2,Monday   ,2,2,1,1,January  ,1,2023,f,f
20230103,2023-01-03,3,Tuesday  ,3,3,1,1,January  ,1,2023,f,f
